date;ecole;type ecole;latitude;longitude;prevision;reel;effectif;taux_grevistes;nos;ind;greves_manquantes;menu;ferie;veille_ferie;retour_ferie;vacances;retour_vacances;veille_vacances;inc_grippe;inc_gastro;inc_varicelle;inc_covid;fete_musulmane;ramadan;fete_chretienne;fete_juive;jour;semaine;mois;annee_scolaire;repas_noel;gaspillage_volume;gaspillage_pourcentage;porc;viande;poisson;4_premiers_jours;4_derniers_jours;Entrée;Plat;Accompagnement;Fromage;Dessert;Entrée Food Type;Plat Food Type;Accompagnement Food Type;Fromage Food Type;Dessert Food Type;Entrée_Bio;Plat_Bio;Accompagnement_Bio;Fromage_Bio;Dessert_Bio
01/01/2024;AIME CESAIRE;Elementaires;48.651733;2.378185;0;0;177;;;;;;1.0;0.0;0.0;1.0;0.0;0.0;181;125;20;311;0.0;0.0;0;1;Lundi;1;Janvier;2023-2024;;;;;;;0.0;0.0;;;;;;;;;;;;;;;
02/01/2024;AIME CESAIRE;Elementaires;48.651733;2.378185;0;0;177;;;;;;0.0;0.0;1.0;1.0;0.0;0.0;181;125;20;311;0.0;0.0;0;0;Mardi;1;Janvier;2023-2024;;;;;;;0.0;0.0;;;;;;;;;;;;;;;
03/01/2024;AIME CESAIRE;Elementaires;48.651733;2.378185;0;0;177;;;;;;0.0;0.0;0.0;1.0;0.0;0.0;181;125;20;311;0.0;0.0;0;0;Mercredi;1;Janvier;2023-2024;;;;;;;0.0;0.0;;;;;;;;;;;;;;;
04/01/2024;AIME CESAIRE;Elementaires;48.651733;2.378185;0;0;177;;;;;;0.0;0.0;0.0;1.0;0.0;0.0;181;125;20;311;0.0;0.0;0;0;Jeudi;1;Janvier;2023-2024;;;;;;;0.0;0.0;;;;;;;;;;;;;;;
05/01/2024;AIME CESAIRE;Elementaires;48.651733;2.378185;0;0;177;;;;;;0.0;0.0;0.0;1.0;0.0;0.0;181;125;20;311;0.0;0.0;0;0;Vendredi;1;Janvier;2023-2024;;;;;;;0.0;0.0;;;;;;;;;;;;;;;
06/01/2024;AIME CESAIRE;Elementaires;48.651733;2.378185;0;0;177;;;;;;0.0;0.0;0.0;1.0;0.0;0.0;181;125;20;311;0.0;0.0;1;0;Samedi;1;Janvier;2023-2024;;;;;;;0.0;0.0;;;;;;;;;;;;;;;
07/01/2024;AIME CESAIRE;Elementaires;48.651733;2.378185;0;0;177;;;;;;0.0;0.0;0.0;1.0;0.0;0.0;181;125;20;311;0.0;0.0;0;0;Dimanche;1;Janvier;2023-2024;;;;;;;0.0;0.0;;;;;;;;;;;;;;;
08/01/2024;AIME CESAIRE;Elementaires;48.651733;2.378185;;57;177;;;;;['filet de hoki','pomme de terre perdillées','mimollette','pomme golden/pain demie/beure/barre de chocolat'];0.0;0.0;0.0;0.0;1.0;0.0;194;123;11;335;0.0;0.0;0;0;Lundi;2;Janvier;2023-2024;0.0;;;0;0;1;0.0;0.0;;['filet de hoki'];['pomme de terre perdillées'];['mimollette'];['pomme golden/pain demie/beure/barre de chocolat'];;;;;;;;;;
09/01/2024;AIME CESAIRE;Elementaires;48.651733;2.378185;;67;177;;;;;['feuille de chène blonde','Crozillette','aux petits pois','Roblochon','Purée de pomme bio','Yahourt nature','Biscuit','fruit'];0.0;0.0;0.0;0.0;0.0;0.0;194;123;11;335;0.0;0.0;0;0;Mardi;2;Janvier;2023-2024;0.0;;;0;0;0;0.0;0.0;['feuille de chène blonde'];['Crozillette'];['aux petits pois'];['Roblochon'];['Purée de pomme bio/Yahourt nature/Biscuit/fruit'];;;;;;;;;;
10/01/2024;AIME CESAIRE;Elementaires;48.651733;2.378185;0;0;177;;;;;['Velouté de Potion et croutons','Escalope de volaille sauce Basquaise','Boulgour bio','Petit suisse sucré','Clémentine/Brioche aux pépites de chocholat/Lait];0.0;0.0;0.0;0.0;0.0;0.0;194;123;11;335;0.0;0.0;0;0;Mercredi;2;Janvier;2023-2024;0.0;;;0;1;0;0.0;0.0;['Velouté de Potion et croutons'];['Escalope de volaille sauce Basquaise'];['Boulgour bio'];['Petit suisse sucré'];['Clémentine/Brioche aux pépites de chocholat/Lait'];;;;;;;;;;
11/01/2024;AIME CESAIRE;Elementaires;48.651733;2.378185;;66;177;;;;;['salade de letilles','dos de cabillaud sauce dieppoise','riz trois grains','edam bio','petit suisse aromatisé/Gâteau/jus de fruit'];0.0;0.0;0.0;0.0;0.0;0.0;194;123;11;335;0.0;0.0;0;0;Jeudi;2;Janvier;2023-2024;0.0;;;0;0;1;0.0;0.0;['salade de letilles'];['dos de cabillaud sauce dieppoise'];['riz trois grains'];['edam bio'];['petit suisse aromatisé/Gâteau/jus de fruit'];;;;;;;;;;
12/01/2024;AIME CESAIRE;Elementaires;48.651733;2.378185;;69;177;;;;;['salade verte',' bœuf bourguignons ','Carottes rondellettes','yahourt aromatisé','gallette des rois','pop corn sucré','purée de fruit','lait aromatisé];0.0;0.0;0.0;0.0;0.0;0.0;194;123;11;335;0.0;0.0;0;0;Vendredi;2;Janvier;2023-2024;0.0;;;0;1;0;0.0;0.0;['salade verte'];['bœuf bourguignons'];['Carottes rondellettes'];['yahourt aromatisé'];['gallette des rois','pop corn sucré','purée de fruit','lait aromatisé'];;;;;;;;;;
13/01/2024;AIME CESAIRE;Elementaires;48.651733;2.378185;0;0;177;;;;;;0.0;0.0;0.0;0.0;0.0;0.0;194;123;11;335;0.0;0.0;0;0;Samedi;2;Janvier;2023-2024;0.0;;;;;;0.0;0.0;;;;;;;;;;;;;;;
14/01/2024;AIME CESAIRE;Elementaires;48.651733;2.378185;;0;177;;;;;;0.0;0.0;0.0;0.0;0.0;0.0;194;123;11;335;0.0;0.0;0;0;Dimanche;2;Janvier;2023-2024;0.0;;;;;;0.0;0.0;;;;;;;;;;;;;;;
15/01/2024;AIME CESAIRE;Elementaires;48.651733;2.378185;69;59;177;;;;;['salade de haricots rouges',' sauté de veau marengo','haricots verts et champignons','fromage blanc','poire/pain/fromage/compote];0.0;0.0;0.0;0.0;0.0;0.0;245;126;10;390;0.0;0.0;0;0;Lundi;3;Janvier;2023-2024;0.0;;;0;1;0;0.0;0.0;['salade de haricots rouges'];['sauté de veau marengo'];['haricots verts et champignons'];[' fromage blanc'];['poire/pain/fromage/compote'];;;;;;;;;;
16/01/2024;AIME CESAIRE;Elementaires;48.651733;2.378185;69;60;177;;;;;['Iceberg vtte échalotte','trio de quinoa boulgour et blé','Pavé demi sel','Purée Pomme banane Bio/Pain Pâte à tartiner/lait];0.0;0.0;0.0;0.0;0.0;0.0;245;126;10;390;0.0;0.0;0;0;Mardi;3;Janvier;2023-2024;0.0;;;0;0;0;0.0;0.0;['Iceberg vtte échalotte'];['trio de quinoa boulgour'];['blé'];['Pavé demi sel'];['Purée Pomme banane Bio/Pain Pâte à tartiner/lait'];;;;;;;;;;
17/01/2024;AIME CESAIRE;Elementaires;48.651733;2.378185;0;0;177;;;;;['Potage de Légumes d'hiver','Saussices de volaille','gratins de pommes de terre choux et béchamel','emmental','orange/Barre de céréales/fromage blanc/jus de fruit];0.0;0.0;0.0;0.0;0.0;0.0;245;126;10;390;0.0;0.0;0;0;Mercredi;3;Janvier;2023-2024;0.0;;;1;1;0;0.0;0.0;['Potage de Légumes d'hiver'];['Saussices de volaille'];['gratins de pommes de terre choux et béchamel'];['emmental'];['Barre de céréales/fromage blanc/jus de fruit'];;;;;;;;;;
18/01/2024;AIME CESAIRE;Elementaires;48.651733;2.378185;69;67;177;;;;;['Duo de choux','Saumonnette sauce crème Duxelle','Epinards à la béchamel','Camenbert bio','crème chocolat/Biscuit/lait/fruit'];0.0;0.0;0.0;0.0;0.0;0.0;245;126;10;390;0.0;0.0;0;0;Jeudi;3;Janvier;2023-2024;0.0;;;0;0;1;0.0;0.0;['Duo de choux'];['Saumonnette sauce crème Duxelle'];['Epinards à la béchamel'];['Camenbert bio'];['crème chocolat/Biscuit/lait/fruit'];;;;;;;;;;
19/01/2024;AIME CESAIRE;Elementaires;48.651733;2.378185;69;59;177;;;;;['poulet roti sauce forestière','Penne','Mimmollette','Clémentine','yahourt','pain d'épices/jus de fruits'];0.0;0.0;0.0;0.0;0.0;0.0;245;126;10;390;0.0;0.0;0;0;Vendredi;3;Janvier;2023-2024;0.0;;;0;1;0;0.0;0.0;;['poulet roti sauceforestière'];['Penne'];['Mimmollette'];['Clémentine/yahourt/pain d'épices/jus de fruits'];;;;;;;;;;
20/01/2024;AIME CESAIRE;Elementaires;48.651733;2.378185;0;0;177;;;;;;0.0;0.0;0.0;0.0;0.0;0.0;245;126;10;390;0.0;0.0;0;0;Samedi;3;Janvier;2023-2024;0.0;;;;;;0.0;0.0;;;;;;;;;;;;;;;
21/01/2024;AIME CESAIRE;Elementaires;48.651733;2.378185;0;0;177;;;;;;0.0;0.0;0.0;0.0;0.0;0.0;245;126;10;390;0.0;0.0;0;0;Dimanche;3;Janvier;2023-2024;0.0;;;;;;0.0;0.0;;;;;;;;;;;;;;;
22/01/2024;AIME CESAIRE;Elementaires;48.651733;2.378185;67;58;177;;;;;['feta Batavia','Cube de colin sauce nicoise/semoule','Edam','Arlequin de fruits/Céréales/Lait/Fruit'];0.0;0.0;0.0;0.0;0.0;0.0;320;106;14;469;0.0;0.0;0;0;Lundi;4;Janvier;2023-2024;0.0;;;0;0;1;0.0;0.0;['feta Batavia'];['Cube de colin sauce nicoise'];['semoule'];['Edam'];['Arlequin de fruits/Céréales/Lait/Fruit'];;;;;;;;;;
23/01/2024;AIME CESAIRE;Elementaires;48.651733;2.378185;67;58;177;;;;;['Macédoine Parisienne','Omelette bio/Purée de Potiron carrotte','petit suisse','Clémentine','Pain suiss/compte'];0.0;0.0;0.0;0.0;0.0;0.0;320;106;14;469;0.0;0.0;0;0;Mardi;4;Janvier;2023-2024;0.0;;;0;0;0;0.0;0.0;['Macédoine Parisienne'];['Omelette bio'];[Purée de Potiron carrotte'];['petit suisse'];['Clémentine/Pain suisse/compte'];;;;;;;;;;
24/01/2024;AIME CESAIRE;Elementaires;48.651733;2.378185;0;0;177;;;;;['Velouté de Fèves','Boulette d'agneau','Blé et ratatouille','Babybele','Banae/biscuit moelleux/Lait'];0.0;0.0;0.0;0.0;0.0;0.0;320;106;14;469;0.0;0.0;0;0;Mercredi;4;Janvier;2023-2024;0.0;;;0;1;0;0.0;0.0;['Velouté de Fèves'];['Boulette d'agneau'];['Blé été ratatouille'];['Babybele'];['Banane/biscuit moelleux/Lait'];;;;;;;;;;
25/01/2024;AIME CESAIRE;Elementaires;48.651733;2.378185;67;58;177;;;;;['Endives','Sauté de porc','haricots rouges/riz chili végétarien/Riz','Emenatal Bio','Semoule au lait/Petit  suisse/Biscuit/fruit/Pomme'];0.0;0.0;0.0;0.0;0.0;0.0;320;106;14;469;0.0;0.0;0;0;Jeudi;4;Janvier;2023-2024;0.0;;;1;1;0;0.0;0.0;['Endives'];['Sauté de porc'];['haricots rouges/chili végétarien/riz'];['Emenatal Bio'];['Semoule au lait/Petit suisse/Biscuit/fruit/Pomme'];;;;;;;;;;
26/01/2024;AIME CESAIRE;Elementaires;48.651733;2.378185;67;58;177;;;;;['Estoufilade de bœuf aux olives','Brocolis',' St Nectaire AOP','Poire Comic/Brioche/Lait/Fruit'];0.0;0.0;0.0;0.0;0.0;0.0;320;106;14;469;0.0;0.0;0;0;Vendredi;4;Janvier;2023-2024;0.0;;;0;1;0;0.0;0.0;;['Estoufilade de bœuf aux boeufs'];['Brocolis'];['St Nectaire AOP'];['Poire Comic/Brioche/Lait/Fruit'];;;;;;;;;;
27/01/2024;AIME CESAIRE;Elementaires;48.651733;2.378185;;0;177;;;;;;0.0;0.0;0.0;0.0;0.0;0.0;320;106;14;469;0.0;0.0;0;0;Samedi;4;Janvier;2023-2024;0.0;;;;;;0.0;0.0;;;;;;;;;;;;;;;
28/01/2024;AIME CESAIRE;Elementaires;48.651733;2.378185;;0;177;;;;;;0.0;0.0;0.0;0.0;0.0;0.0;320;106;14;469;0.0;0.0;0;0;Dimanche;4;Janvier;2023-2024;0.0;;;;;;0.0;0.0;;;;;;;;;;;;;;;
29/01/2024;AIME CESAIRE;Elementaires;48.651733;2.378185;58;57;177;;;;;['Feta et Iceberg ciselé','Filet de Hoki meunière/Purée de légumes','Camenbert','Flan chocolat bio','Barre de céréales/yahourt/Fruit'] ;0.0;0.0;0.0;0.0;0.0;0.0;324;100;13;452;0.0;0.0;0;0;Lundi;5;Janvier;2023-2024;0.0;;;0;0;1;0.0;0.0;['Feta et Iceberg ciselé'];['Filet de Hoki meunière'];['Purée de légumes'];['Camenbert'];['Flan chocolat bio/Barre de céréales/yahourt/Fruit'];;;;;;;;;;
30/01/2024;AIME CESAIRE;Elementaires;48.651733;2.378185;58;60;177;;;;;['Chou blanc au séséme','Légumes cuisinés à  la chioise','Riz Parfumé','Fromage blanc','Arlequin de fruits/Pain/Beurre/Jus'];0.0;0.0;0.0;0.0;0.0;0.0;324;100;13;452;0.0;0.0;0;0;Mardi;5;Janvier;2023-2024;0.0;;;0;0;0;0.0;0.0;['Chou blanc au séséme'];['Légumes cuisinés à la chioise'];['Riz Parfumé'];['Fromage blanc'];['Arlequin de fruits/Pain/Beurre/Jus'];;;;;;;;;;
31/01/2024;AIME CESAIRE;Elementaires;48.651733;2.378185;;0;177;;;;;['Potage minestrone','quiche de dinde','brocolis sauce fromagère','babybel','Clémentine/biscuit/lait/fruit'];0.0;0.0;0.0;0.0;0.0;0.0;324;100;13;452;0.0;0.0;0;0;Mercredi;5;Janvier;2023-2024;0.0;;;0;1;0;0.0;0.0;['Potage minestrone'];['quiche de dinde'];['brocolis sauce fromagère'];['babybel'];['Clémentine/biscuit/lait/fruit'];;;;;;;;;;
01/02/2024;AIME CESAIRE;Elementaires;48.651733;2.378185;58;0;177;;;;;['Mesclun','sauté aux pruneaux','haricauts verts filets','samos','crèpe sucré/pain/fromage/fruit'];0.0;0.0;0.0;0.0;0.0;0.0;324;100;13;452;0.0;0.0;0;0;Jeudi;5;Février;2023-2024;0.0;;;0;0;0;0.0;0.0;['Mesclun'];['sauté aux pruneaux'];[haricauts verts filets'];['samos'];['crèpe sucré/pain/fromage/fruit'];;;;;;;;;;
02/02/2024;AIME CESAIRE;Elementaires;48.651733;2.378185;58;64;177;;;;;['escalope de volaile à l'éstragon','Pomme rissolées','cantal','kiwi/pain au chocolat/lait bio'];0.0;0.0;0.0;0.0;0.0;0.0;324;100;13;452;0.0;0.0;1;0;Vendredi;5;Février;2023-2024;0.0;;;0;1;0;0.0;0.0;;['escalope de volaile à l'éstragon'];['Pomme rissolées'];['cantal'];['kiwi/pain au chocolat/lait bio'];;;;;;;;;;
03/02/2024;AIME CESAIRE;Elementaires;48.651733;2.378185;;0;177;;;;;;0.0;0.0;0.0;0.0;0.0;0.0;324;100;13;452;0.0;0.0;0;0;Samedi;5;Février;2023-2024;0.0;;;;;;0.0;0.0;;;;;;;;;;;;;;;
04/02/2024;AIME CESAIRE;Elementaires;48.651733;2.378185;;0;177;;;;;;0.0;0.0;0.0;0.0;0.0;0.0;324;100;13;452;0.0;0.0;0;0;Dimanche;5;Février;2023-2024;0.0;;;;;;0.0;0.0;;;;;;;;;;;;;;;
05/02/2024;AIME CESAIRE;Elementaires;48.651733;2.378185;64;46;177;;;;;['Avocat iceberg ciselée/Salade Waldorf','Filet hoki meunière citron','purée de légumes','Camembert/Brie','crème chocolat/crème vanille/pain d'épice/yahourt/fruit'];0.0;0.0;0.0;0.0;0.0;0.0;285;92;18;396;0.0;0.0;0;0;Lundi;6;Février;2023-2024;0.0;;;0;0;1;0.0;0.0;['Avocat iceberg ciselée','Salade Waldorf'];['Filet hoki meunière citron'];['purée de légumes'];['Camembert','Brie'];['crème chocolat/crème vanille/pain d'épice/yahourt/fruit'];;;;;;;;;;
06/02/2024;AIME CESAIRE;Elementaires;48.651733;2.378185;64;51;177;;;;;['Filet de poulet sauce estragon - pommes rissolées','Cantal','St Paulin/Orange/Poire/pain au chocolat/lait'];0.0;0.0;0.0;0.0;0.0;0.0;285;92;18;396;0.0;0.0;0;0;Mardi;6;Février;2023-2024;0.0;;;0;1;0;0.0;0.0;;['Filet de poulet sauce estragon'];['pommes rissolées'];['Cantal'];['St Paulin/Orange/Poire/pain au chocolat/lait'];;;;;;;;;;
07/02/2024;AIME CESAIRE;Elementaires;48.651733;2.378185;;0;177;;;;;['Crème Dubarry','Tarte Butternut comté - Salade verte','Gâteau de riz/Clémentine-moeleux au chocolat/fruit'];0.0;0.0;0.0;0.0;0.0;0.0;285;92;18;396;0.0;0.0;0;0;Mercredi;6;Février;2023-2024;0.0;;;0;0;0;0.0;0.0;['Crème Dubarry'];['Tarte Butternut comté'];[ Salade verte'];['Gâteau de riz'];[Clémentine/moeleux au chocolat/fruit'];;;;;;;;;;
08/02/2024;AIME CESAIRE;Elementaires;48.651733;2.378185;64;51;177;;;;;['Laitue/Coleslaw','Blanquette de veau/dos de lieu à la crème','Blé','Samos/Pavé demi-sel','Crèpe sucrée/biscuit/yaourt/fruit'];0.0;0.0;0.0;0.0;0.0;0.0;285;92;18;396;0.0;0.0;0;0;Jeudi;6;Février;2023-2024;0.0;;;0;1;0;0.0;0.0;['Laitue/Coleslaw'];['Blanquette de veau/dos de lieu à la crème'];[ Blé'];['Samos/Pavé demi-sel'];['Crèpe sucrée/biscuit/yaourt/fruit'];;;;;;;;;;
09/02/2024;AIME CESAIRE;Elementaires;48.651733;2.378185;64;51;177;;;;;['Chou blanc au sésame','Boulettes végétales sauce soja','Riz et légumes à la chinoise','Fromage blanc/Petit suisse','Banane/Kiwi/pain/beurre/fruit'];0.0;0.0;0.0;0.0;0.0;1.0;285;92;18;396;0.0;0.0;0;0;Vendredi;6;Février;2023-2024;0.0;;;0;0;0;0.0;0.0;['Chou blanc au sésame'];['Boulettes végétales sauce soja'];['Riz et légumes à la chinoise'];['Fromage blanc/Petit suisse'];['Banane/Kiwi/pain/beurre/fruit'];;;;;;;;;;
10/02/2024;AIME CESAIRE;Elementaires;48.651733;2.378185;0;0;177;;;;;;0.0;0.0;0.0;1.0;0.0;0.0;285;92;18;396;0.0;0.0;0;0;Samedi;6;Février;2023-2024;0.0;;;;;;0.0;0.0;;;;;;;;;;;;;;;
11/02/2024;AIME CESAIRE;Elementaires;48.651733;2.378185;0;0;177;;;;;;0.0;0.0;0.0;1.0;0.0;0.0;285;92;18;396;0.0;0.0;0;0;Dimanche;6;Février;2023-2024;0.0;;;;;;0.0;0.0;;;;;;;;;;;;;;;
12/02/2024;AIME CESAIRE;Elementaires;48.651733;2.378185;0;0;177;;;;;;0.0;0.0;0.0;1.0;0.0;0.0;207;86;17;295;0.0;0.0;0;0;Lundi;7;Février;2023-2024;0.0;;;;;;0.0;0.0;;;;;;;;;;;;;;;
13/02/2024;AIME CESAIRE;Elementaires;48.651733;2.378185;0;0;177;;;;;;0.0;0.0;0.0;1.0;0.0;0.0;207;86;17;295;0.0;0.0;0;0;Mardi;7;Février;2023-2024;0.0;;;;;;0.0;0.0;;;;;;;;;;;;;;;
14/02/2024;AIME CESAIRE;Elementaires;48.651733;2.378185;0;0;177;;;;;;0.0;0.0;0.0;1.0;0.0;0.0;207;86;17;295;0.0;0.0;1;0;Mercredi;7;Février;2023-2024;0.0;;;;;;0.0;0.0;;;;;;;;;;;;;;;
15/02/2024;AIME CESAIRE;Elementaires;48.651733;2.378185;0;0;177;;;;;;0.0;0.0;0.0;1.0;0.0;0.0;207;86;17;295;0.0;0.0;1;0;Jeudi;7;Février;2023-2024;0.0;;;;;;0.0;0.0;;;;;;;;;;;;;;;
16/02/2024;AIME CESAIRE;Elementaires;48.651733;2.378185;0;0;177;;;;;;0.0;0.0;0.0;1.0;0.0;0.0;207;86;17;295;0.0;0.0;1;0;Vendredi;7;Février;2023-2024;0.0;;;;;;0.0;0.0;;;;;;;;;;;;;;;
17/02/2024;AIME CESAIRE;Elementaires;48.651733;2.378185;0;0;177;;;;;;0.0;0.0;0.0;1.0;0.0;0.0;207;86;17;295;0.0;0.0;1;0;Samedi;7;Février;2023-2024;0.0;;;;;;0.0;0.0;;;;;;;;;;;;;;;
18/02/2024;AIME CESAIRE;Elementaires;48.651733;2.378185;0;0;177;;;;;;0.0;0.0;0.0;1.0;0.0;0.0;207;86;17;295;0.0;0.0;1;0;Dimanche;7;Février;2023-2024;0.0;;;;;;0.0;0.0;;;;;;;;;;;;;;;
19/02/2024;AIME CESAIRE;Elementaires;48.651733;2.378185;0;0;177;;;;;;0.0;0.0;0.0;1.0;0.0;0.0;157;76;24;238;0.0;0.0;1;0;Lundi;8;Février;2023-2024;0.0;;;;;;0.0;0.0;;;;;;;;;;;;;;;
20/02/2024;AIME CESAIRE;Elementaires;48.651733;2.378185;0;0;177;;;;;;0.0;0.0;0.0;1.0;0.0;0.0;157;76;24;238;0.0;0.0;1;0;Mardi;8;Février;2023-2024;0.0;;;;;;0.0;0.0;;;;;;;;;;;;;;;
21/02/2024;AIME CESAIRE;Elementaires;48.651733;2.378185;0;0;177;;;;;;0.0;0.0;0.0;1.0;0.0;0.0;157;76;24;238;0.0;0.0;1;0;Mercredi;8;Février;2023-2024;0.0;;;;;;0.0;0.0;;;;;;;;;;;;;;;
22/02/2024;AIME CESAIRE;Elementaires;48.651733;2.378185;0;0;177;;;;;;0.0;0.0;0.0;1.0;0.0;0.0;157;76;24;238;0.0;0.0;1;0;Jeudi;8;Fevrier;2023-2024;0.0;;;;;;0.0;0.0;;;;;;;;;;;;;;;
23/02/2024;AIME CESAIRE;Elementaires;48.651733;2.378185;0;0;177;;;;;;0.0;0.0;0.0;1.0;0.0;0.0;157;76;24;238;0.0;0.0;1;0;Vendredi;8;Fevrier;2023-2024;0.0;;;;;;0.0;0.0;;;;;;;;;;;;;;;
24/02/2024;AIME CESAIRE;Elementaires;48.651733;2.378185;0;0;177;;;;;;0.0;0.0;0.0;1.0;0.0;0.0;157;76;24;238;0.0;0.0;1;0;Samedi;8;Fevrier;2023-2024;0.0;;;;;;0.0;0.0;;;;;;;;;;;;;;;
25/02/2024;AIME CESAIRE;Elementaires;48.651733;2.378185;0;0;177;;;;;;0.0;0.0;0.0;1.0;0.0;0.0;157;76;24;238;0.0;0.0;1;0;Dimanche;8;Fevrier;2023-2024;0.0;;;;;;0.0;0.0;;;;;;;;;;;;;;;
26/02/2024;AIME CESAIRE;Elementaires;48.651733;2.378185;51;59;177;;;;;['Steak haché sauce tomate','Coquillettes','yaourt nature','Fromage blanc','Pomme Gal/Orange/pain pâte à tartiner/lait'];0.0;0.0;0.0;0.0;1.0;0.0;108;67;21;178;0.0;0.0;1;0;Lundi;9;Fevrier;2023-2024;0.0;;;0;1;0;0.0;0.0;;['Steak haché sauce tomate'];['Coquillettes'];['yaourt nature/Fromage blanc'];['Pomme Gal/Orange/pain pâte à tartiner/lait'];;;;;;;;;;
27/02/2024;AIME CESAIRE;Elementaires;48.651733;2.378185;51;58;177;;;;;['Salade Marine/Carottes râpées','Curry de choux fleurs/Poêlée de Céréales aux petits légumes','St Nectaire/Camembert','Purée de pêche/Purée d'Abricot/céréales/fruit'];0.0;0.0;0.0;0.0;0.0;0.0;108;67;21;178;0.0;0.0;1;0;Mardi;9;Fevrier;2023-2024;0.0;;;0;0;0;0.0;0.0;['Salade Marine'];['Carottes râpées'];['Curry de choux fleurs/Poêlée de Céréales aux petits légumes'];['St Nectaire/Camembert'];['Purée de pêche/Purée d'Abricot/céréales/fruit'];;;;;;;;;;
28/02/2024;AIME CESAIRE;Elementaires;48.651733;2.378185;;0;177;;;;;['Pizza au fromage','Paleron de boeuf sauce Robert aux cornichons','Haricots verts et pommes de terre','Fromage fondu','Kiwi/pain au lait/fruit/yaourt'];0.0;0.0;0.0;0.0;0.0;0.0;108;67;21;178;0.0;0.0;1;0;Mercredi;9;Fevrier;2023-2024;0.0;;;0;1;0;0.0;0.0;['Pizza au fromage'];['Paleron de boeuf sauce Robert aux cornichons'];['Haricots verts et pommes de terre'];['Fromage fondu'];['Kiwi/pain au lait/fruit/yaourt'];;;;;;;;;;
29/02/2024;AIME CESAIRE;Elementaires;48.651733;2.378185;51;60;177;;;;;['Hachar de légumes','Rougail saucisses','Rougail végétarien/Riz','Mimolette/Edam','Flan coco/pain/fromage/fruit'];0.0;0.0;0.0;0.0;0.0;0.0;108;67;21;178;0.0;0.0;1;0;Jeudi;9;Fevrier;2023-2024;0.0;;;1;1;0;0.0;0.0;['Hachar de légumes'];['Rougail saucisses/Rougail végétarien];['Riz'];['Mimolette/Edam'];['Flan coco/pain/fromage/fruit'];;;;;;;;;;
01/03/2024;AIME CESAIRE;Elementaires;48.651733;2.378185;51;67;177;;;;;['Filet de Hoki Sauce au beurre blanc/Purée de légumes','Fromage blanc/Yaourt brassé nature','Orange/Poire Comice/Gauffre/Compote/Yaourt à boire'];0.0;0.0;0.0;0.0;0.0;0.0;108;67;21;178;0.0;0.0;1;0;Vendredi;9;Mars;2023-2024;0.0;;;0;0;1;0.0;0.0;;['Filet de Hoki Sauce au beurre blanc'];['Purée de légumes'];['Fromage blanc/Yaourt brassé nature'];['Orange/Poire Comice/Gauffre/Compote/Yaourt à boire'];;;;;;;;;;
02/03/2024;AIME CESAIRE;Elementaires;48.651733;2.378185;;0;177;;;;;;0.0;0.0;0.0;0.0;0.0;0.0;108;67;21;178;0.0;0.0;1;0;Samedi;9;Mars;2023-2024;0.0;;;0;0;0;0.0;0.0;;;;;;;;;;;;;;;
03/03/2024;AIME CESAIRE;Elementaires;48.651733;2.378185;;0;177;;;;;;0.0;0.0;0.0;0.0;0.0;0.0;108;67;21;178;0.0;0.0;1;0;Dimanche;9;Mars;2023-2024;0.0;;;0;0;0;0.0;0.0;;;;;;;;;;;;;;;
04/03/2024;AIME CESAIRE;Elementaires;48.651733;2.378185;;;177;;;;;['betrave vinaigrette','Partmentier de poisson','Saint Paulin Bio','Poire/Barre de céréales/Yaourt/Fruit'];0.0;0.0;0.0;0.0;0.0;0.0;103;72;21;189;0.0;0.0;1;0;Lundi;10;Mars;2023-2024;0.0;;;0;0;1;0.0;0.0;['betrave vinaigrette'];['Partmentier de poisson'];;['Saint Paulin Bio'];['Poire/Barre de céréales/Yaourt/Fruit'];;;;;;;;;;
05/03/2024;AIME CESAIRE;Elementaires;48.651733;2.378185;;;177;;;;;['Salade Iceberg','Mafé végétarien','Riz','Cantal AOP','Ananas/Pain au chocolat/Lait'];0.0;0.0;0.0;0.0;0.0;0.0;103;72;21;189;0.0;0.0;1;0;Mardi;10;Mars;2023-2024;0.0;;;0;0;0;0.0;0.0;['Salade Iceberg'];['Mafé végétarien'];['Riz'];['Cantal AOP'];['Ananas/Pain au chocolat/Lait'];;;;;;;;;;
06/03/2024;AIME CESAIRE;Elementaires;48.651733;2.378185;;;177;;;;;['Velouté de patates douces','Fajitas mexicain à la volaile','Poêlée du marché','Petit suisse Bio','Compote poomme/mirabelle'];0.0;0.0;0.0;0.0;0.0;0.0;103;72;21;189;0.0;0.0;1;0;Mercredi;10;Mars;2023-2024;0.0;;;0;1;0;0.0;0.0;['Velouté de patates douces'];['Fajitas mexicain à la volaile'];['Poêlée du marché'];['Petit suisse Bio'];['Compote poomme/mirabelle'];;;;;;;;;;
07/03/2024;AIME CESAIRE;Elementaires;48.651733;2.378185;;;177;;;;;['Carottes  rappées BIO','Filet de colin meunière','Purée de Harcot vert','Brie','Beignet au chocolat/Pain de mie/Fromage/fruit'];0.0;0.0;0.0;0.0;0.0;0.0;103;72;21;189;0.0;0.0;1;0;Jeudi;10;Mars;2023-2024;0.0;;;0;0;1;0.0;0.0;['Carottes rappées BIO'];['Filet de colin meunière'];['Purée de Harcot vert'];['Brie'];['Beignet au chocolat/Pain de mie/Fromage/fruit'];;;;;;;;;;
08/03/2024;AIME CESAIRE;Elementaires;48.651733;2.378185;;;177;;;;;['Sauté de Boeuf Colombo','Pommes de terre persillées','yaourt nature/orange','Pain/beurre/Compote varié'];0.0;0.0;0.0;0.0;0.0;0.0;103;72;21;189;0.0;0.0;1;0;Vendredi;10;Mars;2023-2024;0.0;;;0;1;0;0.0;0.0;;['Sauté de Boeuf Colombo'];['Pommes de terre persillées'];['orange/yaourt nature'];['Pain/beurre/Compote varié'];;;;;;;;;;
09/03/2024;AIME CESAIRE;Elementaires;48.651733;2.378185;;;177;;;;;;0.0;0.0;0.0;0.0;0.0;0.0;103;72;21;189;0.0;0.0;1;0;Samedi;10;Mars;2023-2024;0.0;;;;;;0.0;0.0;;;;;;;;;;;;;;;
10/03/2024;AIME CESAIRE;Elementaires;48.651733;2.378185;;;177;;;;;;0.0;0.0;0.0;0.0;0.0;0.0;103;72;21;189;0.0;0.0;1;0;Dimanche;10;Mars;2023-2024;0.0;;;;;;0.0;0.0;;;;;;;;;;;;;;;
11/03/2024;AIME CESAIRE;Elementaires;48.651733;2.378185;;;177;;;;;['Pomelos','Tajine de Veau','Blé aux Légumes','Gouda AOP','Riz au lait','Céréales/lait/fruit'];0.0;0.0;0.0;0.0;0.0;0.0;;;;;0.0;1.0;1;0;Lundi;11;Mars;2023-2024;0.0;;;0;1;0;0.0;0.0;['Pomelos'];['Tajine de Veau'];['Blé aux Légumes'];['Gouda AOP'];['Riz au lait/Céréales/lait/fruit'];;;;;;;;;;
12/03/2024;AIME CESAIRE;Elementaires;48.651733;2.378185;;;177;;;;;['Concombre Bio','Cubes de poisson','Pomme de terre et blettes','Petit moulé nature','Arlequin de fruits bio/Fromage blanc/biscuit/Fruit'];0.0;0.0;0.0;0.0;0.0;0.0;;;;;0.0;1.0;1;0;Mardi;11;Mars;2023-2024;0.0;;;0;0;1;0.0;0.0;['Concombre Bio'];['Cubes de poisson'];['Pomme de terre et blettes'];['Petit moulé nature'];['Arlequin de fruits bio/Fromage blanc/biscuit/Fruit'];;;;;;;;;;
13/03/2024;AIME CESAIRE;Elementaires;48.651733;2.378185;;;177;;;;;['Friand aux fromage','Escalope de volaille LR sauce Normand','Purée de Brocolis','yaourt nature BIO','Clemenvanilla','Pain/Fromage/Purée de fruit'];0.0;0.0;0.0;0.0;0.0;0.0;;;;;0.0;1.0;1;0;Mercredi;11;Mars;2023-2024;0.0;;;0;1;0;0.0;0.0;['Friand aux fromage'];['Escalope de volaille LR sauce Normand'];['Purée de Brocolis'];['yaourt nature BIO/Clemenvanilla/Pain/Fromage/Purée de fruit'];;;;;;;;;;;
14/03/2024;AIME CESAIRE;Elementaires;48.651733;2.378185;;;177;;;;;['Endives aux noix','Curry de choux-fleurs','haricots verts et pois chiches/Boulgours BIO','Ortolan','Flan cocolat/Biscuit/yaourt/fruit'];0.0;0.0;0.0;0.0;0.0;0.0;;;;;0.0;1.0;1;0;Jeudi;11;Mars;2023-2024;0.0;;;;;;0.0;0.0;['Endives aux noix'];['Curry de choux-fleurs'];['haricots verts et pois chiches/Boulgours BIO'];['Ortolan'];['Flan cocolat/Biscuit/yaourt/fruit'];;;;;;;;;;
15/03/2024;AIME CESAIRE;Elementaires;48.651733;2.378185;;;177;;;;;['sauté de porc aux haricot rouge/Chili végétarien','riz','Couloumier Bio/Kiwi','Biscuit/Yaourt brassé/Compote'];0.0;0.0;0.0;0.0;0.0;0.0;;;;;0.0;1.0;1;0;Vendredi;11;Mars;2023-2024;0.0;;;1;1;0;0.0;0.0;;['sauté de porc aux haricot rouge/Chili végétarien'];['riz'];['Couloumier Bio'];['Biscuit/Yaourt brassé/Compote'];;;;;;;;;;
16/03/2024;AIME CESAIRE;Elementaires;48.651733;2.378185;;;177;;;;;;0.0;0.0;0.0;0.0;0.0;0.0;;;;;0.0;1.0;1;0;Samedi;11;Mars;2023-2024;0.0;;;;;;0.0;0.0;;;;;;;;;;;;;;;
17/03/2024;AIME CESAIRE;Elementaires;48.651733;2.378185;;;177;;;;;;0.0;0.0;0.0;0.0;0.0;0.0;;;;;0.0;1.0;1;0;Dimanche;11;Mars;2023-2024;0.0;;;;;;0.0;0.0;;;;;;;;;;;;;;;
18/03/2024;AIME CESAIRE;Elementaires;48.651733;2.378185;;;177;;;;;['Tomates au maïs','Aiguiettes fish&chips cabillaud','Coquiette au beurre','Emental/Poire wiliams','Barre de Céréales/fromage blanc/fruit'];0.0;0.0;0.0;0.0;0.0;0.0;;;;;0.0;1.0;1;0;Lundi;12;Mars;2023-2024;0.0;;;0;0;1;0.0;0.0;['Tomates au maïs'];['Aiguiettes fish&chips cabillaud'];['Coquiette au beurre'];['Emental/Poire wiliams'];['Barre de Céréales/fromage blanc/fruit'];;;;;;;;;;
19/03/2024;AIME CESAIRE;Elementaires;48.651733;2.378185;;;177;;;;;['Salade grèque','fève l'espagnole et abricot secs/boulgours','kiri','Purée p/Mangue BIO','Pain-fromage-Compote'];0.0;0.0;0.0;0.0;0.0;0.0;;;;;0.0;1.0;1;0;Mardi;12;Mars;2023-2024;0.0;;;0;0;0;0.0;0.0;['Salade grèque'];['fève l'espagnole'];['abricot secs/boulgours'];['kiri'];['Purée p/Mangue BIO','Pain/fromage/Compote'];;;;;;;;;;
20/03/2024;AIME CESAIRE;Elementaires;48.651733;2.378185;;;177;;;;;['potage Parisien','Tarte Saumon & épinards','Salade verte','Fourme d'ambert','Kiwi','Gauffre/Yaourt à boire'];0.0;0.0;0.0;0.0;0.0;0.0;;;;;0.0;1.0;1;0;Mercredi;12;Mars;2023-2024;0.0;;;0;0;1;0.0;0.0;['potage Parisien'];['Tarte Saumon et épinards'];['Salade verte'];['Fourme d'ambert'];['Kiwi/Gauffre/Yaourt à boire'];;;;;;;;;;
21/03/2024;AIME CESAIRE;Elementaires;48.651733;2.378185;;;177;;;;;['Carottes rapées vinaigrette','Roti de veau forestière','Potatoes','Petit suisse nature BIO/Flanc Parisien',' Pain au Lait/Barre de chocolat/fruit'];0.0;0.0;0.0;0.0;0.0;0.0;;;;;0.0;1.0;1;0;Jeudi;12;Mars;2023-2024;0.0;;;0;1;0;0.0;0.0;['Carottes rapées vinaigrette'];['Roti de veau forestière'];['Potatoes'];['Petit suisse nature BIO','Flanc Parisien'];['Pain au Lait/Barre de chocolat/fruit'];;;;;;;;;;
22/03/2024;AIME CESAIRE;Elementaires;48.651733;2.378185;;;177;;;;;['Médaillon de merlu sauce provençale','Purée Crécy','Edam/banane','Pain/fromgae/fruit'];0.0;0.0;0.0;0.0;0.0;0.0;;;;;0.0;1.0;1;0;Vendredi;12;Mars;2023-2024;0.0;;;0;0;0;0.0;0.0;;['Médaillon de merlu sauce provençale'];['Purée Crécy'];['Edam/banane'];['Pain/fromgae/fruit'];;;;;;;;;;
23/03/2024;AIME CESAIRE;Elementaires;48.651733;2.378185;;;177;;;;;;0.0;0.0;0.0;0.0;0.0;0.0;;;;;0.0;1.0;1;0;Samedi;12;Mars;2023-2024;0.0;;;;;;0.0;0.0;;;;;;;;;;;;;;;
24/03/2024;AIME CESAIRE;Elementaires;48.651733;2.378185;;;177;;;;;;0.0;0.0;0.0;0.0;0.0;0.0;;;;;0.0;1.0;1;0;Dimanche;12;Mars;2023-2024;0.0;;;;;;0.0;0.0;;;;;;;;;;;;;;;
25/03/2024;AIME CESAIRE;Elementaires;48.651733;2.378185;;;177;;;;;['Salade de Pâtes','omllette','Mélanges de légumes vert persillés','fromages blanc sucré/clémenvilla','Pain/Pâte à tartiner/Lait'];0.0;0.0;0.0;0.0;0.0;0.0;;;;;0.0;1.0;1;0;Lundi;13;Mars;2023-2024;0.0;;;0;0;0;0.0;0.0;['Salade de Pâtes'];['omllette'];['Mélanges de légumes vert persillés'];['fromages blanc sucré/clémenvilla'];['Pain/Pâte à tartiner/Lait'];;;;;;;;;;
26/03/2024;AIME CESAIRE;Elementaires;48.651733;2.378185;;;177;;;;;['Pomelos','Saucisse de vollaille','lentilles cuisinées','Compté AOP','Purée trois fruits BIO','Céréales/Lait/Fuit'];0.0;0.0;0.0;0.0;0.0;0.0;;;;;0.0;1.0;1;0;Mardi;13;Mars;2023-2024;0.0;;;1;1;0;0.0;0.0;['Pomelos'];['Saucisse de vollaille'];['lentilles cuisinées'];['Compté AOP'];['Purée trois fruits BIO/Céréales/Lait/Fuit'];;;;;;;;;;
27/03/2024;AIME CESAIRE;Elementaires;48.651733;2.378185;;;177;;;;;['Potage Bubarry','Pilons de Poulet rôti aux épice d'olive','fromage fondu','orange','Pain au Lait','Barre de chocolat/yaourt aromatisé'];0.0;0.0;0.0;0.0;0.0;0.0;;;;;0.0;1.0;1;0;Mercredi;13;Mars;2023-2024;0.0;;;0;1;0;0.0;0.0;['Potage Bubarry'];['Pilons de Poulet rôti aux épice d'olive'];;['fromage fondu'];['orange/Pain au Lait/Barre de chocolat/yaourt aromatisé'];;;;;;;;;;
28/03/2024;AIME CESAIRE;Elementaires;48.651733;2.378185;;;177;;;;;['Samossa de Légumes','Dhal de lentilles corail au lait de coco','Riz','lassi à la mangue','kiwi','Pain/Fromage/fruit'];0.0;0.0;0.0;0.0;0.0;0.0;;;;;0.0;1.0;1;0;Jeudi;13;Mars;2023-2024;0.0;;;0;0;0;0.0;0.0;['Samossa de Légumes'];['Dhal de lentilles corail au lait de coco '];['Riz'];['lassi à la mangue'];['kiwi/Pain/Fromage/fruit'];;;;;;;;;;
29/03/2024;AIME CESAIRE;Elementaires;48.651733;2.378185;;;177;;;;;['Saumon à la crème d'aneth','pommes de terres et épinards','Mimollette','Flan nappé de caramel chocolat de pâques','Gaufffres/compotes/yaourt à boire'];0.0;0.0;0.0;0.0;0.0;0.0;;;;;0.0;1.0;1;0;Vendredi;13;Mars;2023-2024;0.0;;;0;0;1;0.0;0.0;;['Saumon à la crème d'aneth'];['pommes de terres et épinards'];['Mimollette'];['Flan nappé de caramel chocolat de pâques/Gaufffres/compotes/yaourt à boire'];;;;;;;;;;
30/03/2024;AIME CESAIRE;Elementaires;48.651733;2.378185;;;177;;;;;;0.0;0.0;0.0;0.0;0.0;0.0;;;;;0.0;1.0;1;0;Samedi;13;Mars;2023-2024;0.0;;;;;;0.0;0.0;;;;;;;;;;;;;;;
31/03/2024;AIME CESAIRE;Elementaires;48.651733;2.378185;;;177;;;;;;0.0;1.0;0.0;0.0;0.0;0.0;;;;;0.0;1.0;1;0;Dimanche;13;Mars;2023-2024;0.0;;;;;;0.0;0.0;;;;;;;;;;;;;;;
01/04/2024;AIME CESAIRE;Elementaires;48.651733;2.378185;;;177;;;;;;1.0;0.0;0.0;0.0;0.0;0.0;;;;;0.0;1.0;0;0;Lundi;14;Avril;2023-2024;0.0;;;;;;0.0;0.0;;;;;;;;;;;;;;;
02/04/2024;AIME CESAIRE;Elementaires;48.651733;2.378185;;;177;;;;;;0.0;0.0;1.0;0.0;0.0;0.0;;;;;0.0;1.0;0;0;Mardi;14;Avril;2023-2024;0.0;;;;;;0.0;0.0;;;;;;;;;;;;;;;
03/04/2024;AIME CESAIRE;Elementaires;48.651733;2.378185;;;177;;;;;;0.0;0.0;0.0;0.0;0.0;0.0;;;;;0.0;1.0;0;0;Mercredi;14;Avril;2023-2024;0.0;;;;;;0.0;0.0;;;;;;;;;;;;;;;
04/04/2024;AIME CESAIRE;Elementaires;48.651733;2.378185;;;177;;;;;;0.0;0.0;0.0;0.0;0.0;0.0;;;;;0.0;1.0;0;0;Jeudi;14;Avril;2023-2024;0.0;;;;;;0.0;0.0;;;;;;;;;;;;;;;
05/04/2024;AIME CESAIRE;Elementaires;48.651733;2.378185;;;177;;;;;;0.0;0.0;0.0;0.0;0.0;1.0;;;;;0.0;1.0;0;0;Vendredi;14;Avril;2023-2024;0.0;;;;;;0.0;0.0;;;;;;;;;;;;;;;
06/04/2024;AIME CESAIRE;Elementaires;48.651733;2.378185;0;0;177;;;;;;0.0;0.0;0.0;1.0;0.0;0.0;;;;;0.0;1.0;0;0;Samedi;14;Avril;2023-2024;0.0;;;;;;0.0;0.0;;;;;;;;;;;;;;;
07/04/2024;AIME CESAIRE;Elementaires;48.651733;2.378185;0;0;177;;;;;;0.0;0.0;0.0;1.0;0.0;0.0;;;;;0.0;1.0;0;0;Dimanche;14;Avril;2023-2024;0.0;;;;;;0.0;0.0;;;;;;;;;;;;;;;
08/04/2024;AIME CESAIRE;Elementaires;48.651733;2.378185;0;0;177;;;;;;0.0;0.0;0.0;1.0;0.0;0.0;;;;;0.0;1.0;1;0;Lundi;15;Avril;2023-2024;0.0;;;;;;0.0;0.0;;;;;;;;;;;;;;;
09/04/2024;AIME CESAIRE;Elementaires;48.651733;2.378185;0;0;177;;;;;;0.0;0.0;0.0;1.0;0.0;0.0;;;;;0.0;1.0;0;0;Mardi;15;Avril;2023-2024;0.0;;;;;;0.0;0.0;;;;;;;;;;;;;;;
10/04/2024;AIME CESAIRE;Elementaires;48.651733;2.378185;0;0;177;;;;;;0.0;0.0;0.0;1.0;0.0;0.0;;;;;1.0;0.0;0;0;Mercredi;15;Avril;2023-2024;0.0;;;;;;0.0;0.0;;;;;;;;;;;;;;;
11/04/2024;AIME CESAIRE;Elementaires;48.651733;2.378185;0;0;177;;;;;;0.0;0.0;0.0;1.0;0.0;0.0;;;;;0.0;0.0;0;0;Jeudi;15;Avril;2023-2024;0.0;;;;;;0.0;0.0;;;;;;;;;;;;;;;
12/04/2024;AIME CESAIRE;Elementaires;48.651733;2.378185;0;0;177;;;;;;0.0;0.0;0.0;1.0;0.0;0.0;;;;;0.0;0.0;0;0;Vendredi;15;Avril;2023-2024;0.0;;;;;;0.0;0.0;;;;;;;;;;;;;;;
13/04/2024;AIME CESAIRE;Elementaires;48.651733;2.378185;0;0;177;;;;;;0.0;0.0;0.0;1.0;0.0;0.0;;;;;0.0;0.0;0;0;Samedi;15;Avril;2023-2024;0.0;;;;;;0.0;0.0;;;;;;;;;;;;;;;
14/04/2024;AIME CESAIRE;Elementaires;48.651733;2.378185;0;0;177;;;;;;0.0;0.0;0.0;1.0;0.0;0.0;;;;;0.0;0.0;0;0;Dimanche;15;Avril;2023-2024;0.0;;;;;;0.0;0.0;;;;;;;;;;;;;;;
15/04/2024;AIME CESAIRE;Elementaires;48.651733;2.378185;0;0;177;;;;;;0.0;0.0;0.0;1.0;0.0;0.0;;;;;0.0;0.0;0;0;Lundi;16;Avril;2023-2024;0.0;;;;;;0.0;0.0;;;;;;;;;;;;;;;
16/04/2024;AIME CESAIRE;Elementaires;48.651733;2.378185;0;0;177;;;;;;0.0;0.0;0.0;1.0;0.0;0.0;;;;;0.0;0.0;0;0;Mardi;16;Avril;2023-2024;0.0;;;;;;0.0;0.0;;;;;;;;;;;;;;;
17/04/2024;AIME CESAIRE;Elementaires;48.651733;2.378185;0;0;177;;;;;;0.0;0.0;0.0;1.0;0.0;0.0;;;;;0.0;0.0;0;0;Mercredi;16;Avril;2023-2024;0.0;;;;;;0.0;0.0;;;;;;;;;;;;;;;
18/04/2024;AIME CESAIRE;Elementaires;48.651733;2.378185;0;0;177;;;;;;0.0;0.0;0.0;1.0;0.0;0.0;;;;;0.0;0.0;0;0;Jeudi;16;Avril;2023-2024;0.0;;;;;;0.0;0.0;;;;;;;;;;;;;;;
19/04/2024;AIME CESAIRE;Elementaires;48.651733;2.378185;0;0;177;;;;;;0.0;0.0;0.0;1.0;0.0;0.0;;;;;0.0;0.0;0;0;Vendredi;16;Avril;2023-2024;0.0;;;;;;0.0;0.0;;;;;;;;;;;;;;;
20/04/2024;AIME CESAIRE;Elementaires;48.651733;2.378185;0;0;177;;;;;;0.0;0.0;0.0;1.0;0.0;0.0;;;;;0.0;0.0;0;1;Samedi;16;Avril;2023-2024;0.0;;;;;;0.0;0.0;;;;;;;;;;;;;;;
21/04/2024;AIME CESAIRE;Elementaires;48.651733;2.378185;0;0;177;;;;;;0.0;0.0;0.0;1.0;0.0;0.0;;;;;0.0;0.0;0;1;Dimanche;16;Avril;2023-2024;0.0;;;;;;0.0;0.0;;;;;;;;;;;;;;;
22/04/2024;AIME CESAIRE;Elementaires;48.651733;2.378185;;;177;;;;;;0.0;0.0;0.0;0.0;1.0;0.0;;;;;0.0;0.0;0;1.0;Lundi;17;Avril;2023-2024;0.0;;;;;;0.0;0.0;;;;;;;;;;;;;;;
23/04/2024;AIME CESAIRE;Elementaires;48.651733;2.378185;;;177;;;;;;0.0;0.0;0.0;0.0;0.0;0.0;;;;;0.0;0.0;0;1;Mardi;17;Avril;2023-2024;0.0;;;;;;0.0;0.0;;;;;;;;;;;;;;;
24/04/2024;AIME CESAIRE;Elementaires;48.651733;2.378185;;;177;;;;;;0.0;0.0;0.0;0.0;0.0;0.0;;;;;0.0;0.0;0;1.0;Mercredi;17;Avril;2023-2024;0.0;;;;;;0.0;0.0;;;;;;;;;;;;;;;
25/04/2024;AIME CESAIRE;Elementaires;48.651733;2.378185;;;177;;;;;;0.0;0.0;0.0;0.0;0.0;0.0;;;;;0.0;0.0;0;1.0;Jeudi;17;Avril;2023-2024;0.0;;;;;;0.0;0.0;;;;;;;;;;;;;;;
26/04/2024;AIME CESAIRE;Elementaires;48.651733;2.378185;;;177;;;;;;0.0;0.0;0.0;0.0;0.0;0.0;;;;;0.0;0.0;0;1.0;Vendredi;17;Avril;2023-2024;0.0;;;;;;0.0;0.0;;;;;;;;;;;;;;;
27/04/2024;AIME CESAIRE;Elementaires;48.651733;2.378185;;;177;;;;;;0.0;0.0;0.0;0.0;0.0;0.0;;;;;0.0;0.0;0;1.0;Samedi;17;Avril;2023-2024;0.0;;;;;;0.0;0.0;;;;;;;;;;;;;;;
28/04/2024;AIME CESAIRE;Elementaires;48.651733;2.378185;;;177;;;;;;0.0;0.0;0.0;0.0;0.0;0.0;;;;;0.0;0.0;0;1.0;Dimanche;17;Avril;2023-2024;0.0;;;;;;0.0;0.0;;;;;;;;;;;;;;;
29/04/2024;AIME CESAIRE;Elementaires;48.651733;2.378185;;;177;;;;;;0.0;0.0;0.0;0.0;0.0;0.0;;;;;0.0;0.0;0;1.0;Lundi;18;Avril;2023-2024;0.0;;;;;;0.0;0.0;;;;;;;;;;;;;;;
30/04/2024;AIME CESAIRE;Elementaires;48.651733;2.378185;;;177;;;;;;0.0;1.0;0.0;0.0;0.0;0.0;;;;;0.0;0.0;0;1.0;Mardi;18;Avril;2023-2024;0.0;;;;;;0.0;0.0;;;;;;;;;;;;;;;
01/05/2024;AIME CESAIRE;Elementaires;48.651733;2.378185;;;177;;;;;;1.0;0.0;0.0;0.0;0.0;0.0;;;;;0.0;0.0;0;0;Mercredi;18;Mai;2023-2024;0.0;;;;;;0.0;0.0;;;;;;;;;;;;;;;
02/05/2024;AIME CESAIRE;Elementaires;48.651733;2.378185;;;177;;;;;;0.0;0.0;1.0;0.0;0.0;0.0;;;;;0.0;0.0;0;0;Jeudi;18;Mai;2023-2024;0.0;;;;;;0.0;0.0;;;;;;;;;;;;;;;
03/05/2024;AIME CESAIRE;Elementaires;48.651733;2.378185;;;177;;;;;;0.0;0.0;0.0;0.0;0.0;0.0;;;;;0.0;0.0;0;0;Vendredi;18;Mai;2023-2024;0.0;;;;;;0.0;0.0;;;;;;;;;;;;;;;
04/05/2024;AIME CESAIRE;Elementaires;48.651733;2.378185;;;177;;;;;;0.0;0.0;0.0;0.0;0.0;0.0;;;;;0.0;0.0;0;0;Samedi;18;Mai;2023-2024;0.0;;;;;;0.0;0.0;;;;;;;;;;;;;;;
05/05/2024;AIME CESAIRE;Elementaires;48.651733;2.378185;;;177;;;;;;0.0;0.0;0.0;0.0;0.0;0.0;;;;;0.0;0.0;0;0;Dimanche;18;Mai;2023-2024;0.0;;;;;;0.0;0.0;;;;;;;;;;;;;;;
06/05/2024;AIME CESAIRE;Elementaires;48.651733;2.378185;;;177;;;;;;0.0;0.0;0.0;0.0;0.0;0.0;;;;;0.0;0.0;0;0;Lundi;19;Mai;2023-2024;0.0;;;;;;0.0;0.0;;;;;;;;;;;;;;;
07/05/2024;AIME CESAIRE;Elementaires;48.651733;2.378185;;;177;;;;;;0.0;1.0;0.0;0.0;0.0;0.0;;;;;0.0;0.0;0;0;Mardi;19;Mai;2023-2024;0.0;;;;;;0.0;0.0;;;;;;;;;;;;;;;
08/05/2024;AIME CESAIRE;Elementaires;48.651733;2.378185;;;177;;;;;;1.0;1.0;0.0;0.0;0.0;0.0;;;;;0.0;0.0;0;0;Mercredi;19;Mai;2023-2024;0.0;;;;;;0.0;0.0;;;;;;;;;;;;;;;
09/05/2024;AIME CESAIRE;Elementaires;48.651733;2.378185;;;177;;;;;;1.0;0.0;1.0;0.0;0.0;0.0;;;;;0.0;0.0;1;0;Jeudi;19;Mai;2023-2024;0.0;;;;;;0.0;0.0;;;;;;;;;;;;;;;
10/05/2024;AIME CESAIRE;Elementaires;48.651733;2.378185;;;177;;;;;;0.0;0.0;1.0;0.0;0.0;0.0;;;;;0.0;0.0;0;0;Vendredi;19;Mai;2023-2024;0.0;;;;;;0.0;0.0;;;;;;;;;;;;;;;
11/05/2024;AIME CESAIRE;Elementaires;48.651733;2.378185;;;177;;;;;;0.0;0.0;0.0;0.0;0.0;0.0;;;;;0.0;0.0;0;0;Samedi;19;Mai;2023-2024;0.0;;;;;;0.0;0.0;;;;;;;;;;;;;;;
12/05/2024;AIME CESAIRE;Elementaires;48.651733;2.378185;;;177;;;;;;0.0;0.0;0.0;0.0;0.0;0.0;;;;;0.0;0.0;0;0;Dimanche;19;Mai;2023-2024;0.0;;;;;;0.0;0.0;;;;;;;;;;;;;;;
13/05/2024;AIME CESAIRE;Elementaires;48.651733;2.378185;;;177;;;;;;0.0;0.0;0.0;0.0;0.0;0.0;;;;;0.0;0.0;0;0;Lundi;20;Mai;2023-2024;0.0;;;;;;0.0;0.0;;;;;;;;;;;;;;;
14/05/2024;AIME CESAIRE;Elementaires;48.651733;2.378185;;;177;;;;;;0.0;0.0;0.0;0.0;0.0;0.0;;;;;0.0;0.0;0;1;Mardi;20;Mai;2023-2024;0.0;;;;;;0.0;0.0;;;;;;;;;;;;;;;
15/05/2024;AIME CESAIRE;Elementaires;48.651733;2.378185;;;177;;;;;;0.0;0.0;0.0;0.0;0.0;0.0;;;;;0.0;0.0;0;0;Mercredi;20;Mai;2023-2024;0.0;;;;;;0.0;0.0;;;;;;;;;;;;;;;
16/05/2024;AIME CESAIRE;Elementaires;48.651733;2.378185;;;177;;;;;;0.0;0.0;0.0;0.0;0.0;0.0;;;;;0.0;0.0;0;0;Jeudi;20;Mai;2023-2024;0.0;;;;;;0.0;0.0;;;;;;;;;;;;;;;
17/05/2024;AIME CESAIRE;Elementaires;48.651733;2.378185;;;177;;;;;;0.0;0.0;0.0;0.0;0.0;0.0;;;;;0.0;0.0;0;0;Vendredi;20;Mai;2023-2024;0.0;;;;;;0.0;0.0;;;;;;;;;;;;;;;
18/05/2024;AIME CESAIRE;Elementaires;48.651733;2.378185;;;177;;;;;;0.0;0.0;0.0;0.0;0.0;0.0;;;;;0.0;0.0;0;0;Samedi;20;Mai;2023-2024;0.0;;;;;;0.0;0.0;;;;;;;;;;;;;;;
19/05/2024;AIME CESAIRE;Elementaires;48.651733;2.378185;;;177;;;;;;0.0;1.0;0.0;0.0;0.0;0.0;;;;;0.0;0.0;1;0;Dimanche;20;Mai;2023-2024;0.0;;;;;;0.0;0.0;;;;;;;;;;;;;;;
20/05/2024;AIME CESAIRE;Elementaires;48.651733;2.378185;;;177;;;;;;1.0;0.0;0.0;0.0;0.0;0.0;;;;;0.0;0.0;0;0;Lundi;21;Mai;2023-2024;0.0;;;;;;0.0;0.0;;;;;;;;;;;;;;;
21/05/2024;AIME CESAIRE;Elementaires;48.651733;2.378185;;;177;;;;;;0.0;0.0;1.0;0.0;0.0;0.0;;;;;0.0;0.0;0;0;Mardi;21;Mai;2023-2024;0.0;;;;;;0.0;0.0;;;;;;;;;;;;;;;
22/05/2024;AIME CESAIRE;Elementaires;48.651733;2.378185;;;177;;;;;;0.0;0.0;0.0;0.0;0.0;0.0;;;;;0.0;0.0;0;0;Mercredi;21;Mai;2023-2024;0.0;;;;;;0.0;0.0;;;;;;;;;;;;;;;
23/05/2024;AIME CESAIRE;Elementaires;48.651733;2.378185;;;177;;;;;;0.0;0.0;0.0;0.0;0.0;0.0;;;;;0.0;0.0;0;0;Jeudi;21;Mai;2023-2024;0.0;;;;;;0.0;0.0;;;;;;;;;;;;;;;
24/05/2024;AIME CESAIRE;Elementaires;48.651733;2.378185;;;177;;;;;;0.0;0.0;0.0;0.0;0.0;0.0;;;;;0.0;0.0;0;0;Vendredi;21;Mai;2023-2024;0.0;;;;;;0.0;0.0;;;;;;;;;;;;;;;
25/05/2024;AIME CESAIRE;Elementaires;48.651733;2.378185;;;177;;;;;;0.0;0.0;0.0;0.0;0.0;0.0;;;;;0.0;0.0;0;0;Samedi;21;Mai;2023-2024;0.0;;;;;;0.0;0.0;;;;;;;;;;;;;;;
26/05/2024;AIME CESAIRE;Elementaires;48.651733;2.378185;;;177;;;;;;0.0;0.0;0.0;0.0;0.0;0.0;;;;;0.0;0.0;0;1;Dimanche;21;Mai;2023-2024;0.0;;;;;;0.0;0.0;;;;;;;;;;;;;;;
27/05/2024;AIME CESAIRE;Elementaires;48.651733;2.378185;;;177;;;;;;0.0;0.0;0.0;0.0;0.0;0.0;;;;;0.0;0.0;0;0;Lundi;22;Mai;2023-2024;0.0;;;;;;0.0;0.0;;;;;;;;;;;;;;;
28/05/2024;AIME CESAIRE;Elementaires;48.651733;2.378185;;;177;;;;;;0.0;0.0;0.0;0.0;0.0;0.0;;;;;0.0;0.0;0;0;Mardi;22;Mai;2023-2024;0.0;;;;;;0.0;0.0;;;;;;;;;;;;;;;
29/05/2024;AIME CESAIRE;Elementaires;48.651733;2.378185;;;177;;;;;;0.0;0.0;0.0;0.0;0.0;0.0;;;;;0.0;0.0;0;0;Mercredi;22;Mai;2023-2024;0.0;;;;;;0.0;0.0;;;;;;;;;;;;;;;
30/05/2024;AIME CESAIRE;Elementaires;48.651733;2.378185;;;177;;;;;;0.0;0.0;0.0;0.0;0.0;0.0;;;;;0.0;0.0;0;0;Jeudi;22;Mai;2023-2024;0.0;;;;;;0.0;0.0;;;;;;;;;;;;;;;
31/05/2024;AIME CESAIRE;Elementaires;48.651733;2.378185;;;177;;;;;;0.0;0.0;0.0;0.0;0.0;0.0;;;;;0.0;0.0;0;0;Vendredi;22;Mai;2023-2024;0.0;;;;;;0.0;0.0;;;;;;;;;;;;;;;
01/06/2024;AIME CESAIRE;Elementaires;48.651733;2.378185;;;177;;;;;;0.0;0.0;0.0;0.0;0.0;0.0;;;;;0.0;0.0;0;0;Samedi;22;Juin;2023-2024;0.0;;;;;;0.0;0.0;;;;;;;;;;;;;;;
02/06/2024;AIME CESAIRE;Elementaires;48.651733;2.378185;;;177;;;;;;0.0;0.0;0.0;0.0;0.0;0.0;;;;;0.0;0.0;0;0;Dimanche;22;Juin;2023-2024;0.0;;;;;;0.0;0.0;;;;;;;;;;;;;;;
03/06/2024;AIME CESAIRE;Elementaires;48.651733;2.378185;;;177;;;;;;0.0;0.0;0.0;0.0;0.0;0.0;;;;;0.0;0.0;0;0;Lundi;23;Juin;2023-2024;0.0;;;;;;0.0;0.0;;;;;;;;;;;;;;;
04/06/2024;AIME CESAIRE;Elementaires;48.651733;2.378185;;;177;;;;;;0.0;0.0;0.0;0.0;0.0;0.0;;;;;0.0;0.0;0;0;Mardi;23;Juin;2023-2024;0.0;;;;;;0.0;0.0;;;;;;;;;;;;;;;
05/06/2024;AIME CESAIRE;Elementaires;48.651733;2.378185;;;177;;;;;;0.0;0.0;0.0;0.0;0.0;0.0;;;;;0.0;0.0;0;0;Mercredi;23;Juin;2023-2024;0.0;;;;;;0.0;0.0;;;;;;;;;;;;;;;
06/06/2024;AIME CESAIRE;Elementaires;48.651733;2.378185;;;177;;;;;;0.0;0.0;0.0;0.0;0.0;0.0;;;;;0.0;0.0;0;0;Jeudi;23;Juin;2023-2024;0.0;;;;;;0.0;0.0;;;;;;;;;;;;;;;
07/06/2024;AIME CESAIRE;Elementaires;48.651733;2.378185;;;177;;;;;;0.0;0.0;0.0;0.0;0.0;0.0;;;;;0.0;0.0;0;0;Vendredi;23;Juin;2023-2024;0.0;;;;;;0.0;0.0;;;;;;;;;;;;;;;
08/06/2024;AIME CESAIRE;Elementaires;48.651733;2.378185;;;177;;;;;;0.0;0.0;0.0;0.0;0.0;0.0;;;;;0.0;0.0;0;0;Samedi;23;Juin;2023-2024;0.0;;;;;;0.0;0.0;;;;;;;;;;;;;;;
09/06/2024;AIME CESAIRE;Elementaires;48.651733;2.378185;;;177;;;;;;0.0;0.0;0.0;0.0;0.0;0.0;;;;;0.0;0.0;0;0;Dimanche;23;Juin;2023-2024;0.0;;;;;;0.0;0.0;;;;;;;;;;;;;;;
10/06/2024;AIME CESAIRE;Elementaires;48.651733;2.378185;;;177;;;;;;0.0;0.0;0.0;0.0;0.0;0.0;;;;;0.0;0.0;0;0;Lundi;24;Juin;2023-2024;0.0;;;;;;0.0;0.0;;;;;;;;;;;;;;;
11/06/2024;AIME CESAIRE;Elementaires;48.651733;2.378185;;;177;;;;;;0.0;0.0;0.0;0.0;0.0;0.0;;;;;0.0;0.0;0;0;Mardi;24;Juin;2023-2024;0.0;;;;;;0.0;0.0;;;;;;;;;;;;;;;
12/06/2024;AIME CESAIRE;Elementaires;48.651733;2.378185;;;177;;;;;;0.0;0.0;0.0;0.0;0.0;0.0;;;;;0.0;0.0;0;1;Mercredi;24;Juin;2023-2024;0.0;;;;;;0.0;0.0;;;;;;;;;;;;;;;
13/06/2024;AIME CESAIRE;Elementaires;48.651733;2.378185;;;177;;;;;;0.0;0.0;0.0;0.0;0.0;0.0;;;;;0.0;0.0;0;0;Jeudi;24;Juin;2023-2024;0.0;;;;;;0.0;0.0;;;;;;;;;;;;;;;
14/06/2024;AIME CESAIRE;Elementaires;48.651733;2.378185;;;177;;;;;;0.0;0.0;0.0;0.0;0.0;0.0;;;;;0.0;0.0;0;0;Vendredi;24;Juin;2023-2024;0.0;;;;;;0.0;0.0;;;;;;;;;;;;;;;
15/06/2024;AIME CESAIRE;Elementaires;48.651733;2.378185;;;177;;;;;;0.0;0.0;0.0;0.0;0.0;0.0;;;;;0.0;0.0;0;0;Samedi;24;Juin;2023-2024;0.0;;;;;;0.0;0.0;;;;;;;;;;;;;;;
16/06/2024;AIME CESAIRE;Elementaires;48.651733;2.378185;;;177;;;;;;0.0;0.0;0.0;0.0;0.0;0.0;;;;;0.0;0.0;0;0;Dimanche;24;Juin;2023-2024;0.0;;;;;;0.0;0.0;;;;;;;;;;;;;;;
17/06/2024;AIME CESAIRE;Elementaires;48.651733;2.378185;;;177;;;;;;0.0;0.0;0.0;0.0;0.0;0.0;;;;;1.0;0.0;0;0;Lundi;25;Juin;2023-2024;0.0;;;;;;0.0;0.0;;;;;;;;;;;;;;;
18/06/2024;AIME CESAIRE;Elementaires;48.651733;2.378185;;;177;;;;;;0.0;0.0;0.0;0.0;0.0;0.0;;;;;0.0;0.0;0;0;Mardi;25;Juin;2023-2024;0.0;;;;;;0.0;0.0;;;;;;;;;;;;;;;
19/06/2024;AIME CESAIRE;Elementaires;48.651733;2.378185;;;177;;;;;;0.0;0.0;0.0;0.0;0.0;0.0;;;;;0.0;0.0;0;0;Mercredi;25;Juin;2023-2024;0.0;;;;;;0.0;0.0;;;;;;;;;;;;;;;
20/06/2024;AIME CESAIRE;Elementaires;48.651733;2.378185;;;177;;;;;;0.0;0.0;0.0;0.0;0.0;0.0;;;;;0.0;0.0;0;0;Jeudi;25;Juin;2023-2024;0.0;;;;;;0.0;0.0;;;;;;;;;;;;;;;
21/06/2024;AIME CESAIRE;Elementaires;48.651733;2.378185;;;177;;;;;;0.0;0.0;0.0;0.0;0.0;0.0;;;;;0.0;0.0;0;0;Vendredi;25;Juin;2023-2024;0.0;;;;;;0.0;0.0;;;;;;;;;;;;;;;
22/06/2024;AIME CESAIRE;Elementaires;48.651733;2.378185;;;177;;;;;;0.0;0.0;0.0;0.0;0.0;0.0;;;;;0.0;0.0;0;0;Samedi;25;Juin;2023-2024;0.0;;;;;;0.0;0.0;;;;;;;;;;;;;;;
23/06/2024;AIME CESAIRE;Elementaires;48.651733;2.378185;;;177;;;;;;0.0;0.0;0.0;0.0;0.0;0.0;;;;;0.0;0.0;0;0;Dimanche;25;Juin;2023-2024;0.0;;;;;;0.0;0.0;;;;;;;;;;;;;;;
24/06/2024;AIME CESAIRE;Elementaires;48.651733;2.378185;;;177;;;;;;0.0;0.0;0.0;0.0;0.0;0.0;;;;;0.0;0.0;0;0;Lundi;26;Juin;2023-2024;0.0;;;;;;0.0;0.0;;;;;;;;;;;;;;;
25/06/2024;AIME CESAIRE;Elementaires;48.651733;2.378185;;;177;;;;;;0.0;0.0;0.0;0.0;0.0;0.0;;;;;0.0;0.0;0;0;Mardi;26;Juin;2023-2024;0.0;;;;;;0.0;0.0;;;;;;;;;;;;;;;
26/06/2024;AIME CESAIRE;Elementaires;48.651733;2.378185;;;177;;;;;;0.0;0.0;0.0;0.0;0.0;0.0;;;;;0.0;0.0;;0;Mercredi;26;Juin;2023-2024;0.0;;;;;;0.0;0.0;;;;;;;;;;;;;;;
27/06/2024;AIME CESAIRE;Elementaires;48.651733;2.378185;;;177;;;;;;0.0;0.0;0.0;0.0;0.0;0.0;;;;;0.0;0.0;0;0;Jeudi;26;Juin;2023-2024;0.0;;;;;;0.0;0.0;;;;;;;;;;;;;;;
28/06/2024;AIME CESAIRE;Elementaires;48.651733;2.378185;;;177;;;;;;0.0;0.0;0.0;0.0;0.0;0.0;;;;;0.0;0.0;0;0;Vendredi;26;Juin;2023-2024;0.0;;;;;;0.0;0.0;;;;;;;;;;;;;;;
29/06/2024;AIME CESAIRE;Elementaires;48.651733;2.378185;;;177;;;;;;0.0;0.0;0.0;0.0;0.0;0.0;;;;;0.0;0.0;0;0;Samedi;26;Juin;2023-2024;0.0;;;;;;0.0;0.0;;;;;;;;;;;;;;;
30/06/2024;AIME CESAIRE;Elementaires;48.651733;2.378185;;;177;;;;;;0.0;0.0;0.0;0.0;0.0;0.0;;;;;0.0;0.0;0;0;Dimanche;26;Juin;2023-2024;0.0;;;;;;0.0;0.0;;;;;;;;;;;;;;;
01/07/2024;AIME CESAIRE;Elementaires;48.651733;2.378185;;;177;;;;;;0.0;0.0;0.0;0.0;0.0;0.0;;;;;0.0;0.0;0;0;Lundi;27;Juillet;2023-2024;0.0;;;;;;0.0;1.0;;;;;;;;;;;;;;;
02/07/2024;AIME CESAIRE;Elementaires;48.651733;2.378185;;;177;;;;;;0.0;0.0;0.0;0.0;0.0;0.0;;;;;0.0;0.0;0;0;Mardi;27;Juillet;2023-2024;0.0;;;;;;0.0;1.0;;;;;;;;;;;;;;;
03/07/2024;AIME CESAIRE;Elementaires;48.651733;2.378185;;;177;;;;;;0.0;0.0;0.0;0.0;0.0;0.0;;;;;0.0;0.0;;0;Mercredi;27;Juillet;2023-2024;0.0;;;;;;0.0;0.0;;;;;;;;;;;;;;;
04/07/2024;AIME CESAIRE;Elementaires;48.651733;2.378185;;;177;;;;;;0.0;0.0;0.0;0.0;0.0;0.0;;;;;0.0;0.0;0;0;Jeudi;27;Juillet;2023-2024;0.0;;;;;;0.0;1.0;;;;;;;;;;;;;;;
05/07/2024;AIME CESAIRE;Elementaires;48.651733;2.378185;;;177;;;;;;0.0;0.0;0.0;0.0;0.0;1.0;;;;;0.0;0.0;0;0;Vendredi;27;Juillet;2023-2024;0.0;;;;;;0.0;1.0;;;;;;;;;;;;;;;
06/07/2024;AIME CESAIRE;Elementaires;48.651733;2.378185;;;177;;;;;;0.0;0.0;0.0;1.0;0.0;0.0;;;;;0.0;0.0;0;0;Samedi;27;Juillet;2023-2024;0.0;;;;;;0.0;0.0;;;;;;;;;;;;;;;
07/07/2024;AIME CESAIRE;Elementaires;48.651733;2.378185;;;177;;;;;;0.0;0.0;0.0;1.0;0.0;0.0;;;;;0.0;0.0;0;0;Dimanche;27;Juillet;2023-2024;0.0;;;;;;0.0;0.0;;;;;;;;;;;;;;;
;;;;;;;;;;;;;;;;;;;;;;;;;;;;;;;;;;;;;;;;;;;;;;;;;;;;;
;;;;;;;;;;;;;;;;;;;;;;;;;;;;;;;;;;;;;;;;;;;;;;;;;;;;;
;;;;;;;;;;;;;;;;;;;;;;;;;;;;;;;;;;;;;;;;;;;;;;;;;;;;;
;;;;;;;;;;;;;;;;;;;;;;;;;;;;;;;;;;;;;;;;;;;;;;;;;;;;;
;;;;;;;;;;;;;;;;;;;;;;;;;;;;;;;;;;;;;;;;;;;;;;;;;;;;;
;;;;;;;;;;;;;;;;;;;;;;;;;;;;;;;;;;;;;;;;;;;;;;;;;;;;;
;;;;;;;;;;;;;;;;;;;;;;;;;;;;;;;;;;;;;;;;;;;;;;;;;;;;;
;;;;;;;;;;;;;;;;;;;;;;;;;;;;;;;;;;;;;;;;;;;;;;;;;;;;;
;;;;;;;;;;;;;;;;;;;;;;;;;;;;;;;;;;;;;;;;;;;;;;;;;;;;;
;;;;;;;;;;;;;;;;;;;;;;;;;;;;;;;;;;;;;;;;;;;;;;;;;;;;;
;;;;;;;;;;;;;;;;;;;;;;;;;;;;;;;;;;;;;;;;;;;;;;;;;;;;;
;;;;;;;;;;;;;;;;;;;;;;;;;;;;;;;;;;;;;;;;;;;;;;;;;;;;;
;;;;;;;;;;;;;;;;;;;;;;;;;;;;;;;;;;;;;;;;;;;;;;;;;;;;;
;;;;;;;;;;;;;;;;;;;;;;;;;;;;;;;;;;;;;;;;;;;;;;;;;;;;;
;;;;;;;;;;;;;;;;;;;;;;;;;;;;;;;;;;;;;;;;;;;;;;;;;;;;;
;;;;;;;;;;;;;;;;;;;;;;;;;;;;;;;;;;;;;;;;;;;;;;;;;;;;;
;;;;;;;;;;;;;;;;;;;;;;;;;;;;;;;;;;;;;;;;;;;;;;;;;;;;;
;;;;;;;;;;;;;;;;;;;;;;;;;;;;;;;;;;;;;;;;;;;;;;;;;;;;;
;;;;;;;;;;;;;;;;;;;;;;;;;;;;;;;;;;;;;;;;;;;;;;;;;;;;;
;;;;;;;;;;;;;;;;;;;;;;;;;;;;;;;;;;;;;;;;;;;;;;;;;;;;;
;;;;;;;;;;;;;;;;;;;;;;;;;;;;;;;;;;;;;;;;;;;;;;;;;;;;;
;;;;;;;;;;;;;;;;;;;;;;;;;;;;;;;;;;;;;;;;;;;;;;;;;;;;;
;;;;;;;;;;;;;;;;;;;;;;;;;;;;;;;;;;;;;;;;;;;;;;;;;;;;;
;;;;;;;;;;;;;;;;;;;;;;;;;;;;;;;;;;;;;;;;;;;;;;;;;;;;;
;;;;;;;;;;;;;;;;;;;;;;;;;;;;;;;;;;;;;;;;;;;;;;;;;;;;;
;;;;;;;;;;;;;;;;;;;;;;;;;;;;;;;;;;;;;;;;;;;;;;;;;;;;;
;;;;;;;;;;;;;;;;;;;;;;;;;;;;;;;;;;;;;;;;;;;;;;;;;;;;;
;;;;;;;;;;;;;;;;;;;;;;;;;;;;;;;;;;;;;;;;;;;;;;;;;;;;;
;;;;;;;;;;;;;;;;;;;;;;;;;;;;;;;;;;;;;;;;;;;;;;;;;;;;;
;;;;;;;;;;;;;;;;;;;;;;;;;;;;;;;;;;;;;;;;;;;;;;;;;;;;;
;;;;;;;;;;;;;;;;;;;;;;;;;;;;;;;;;;;;;;;;;;;;;;;;;;;;;
;;;;;;;;;;;;;;;;;;;;;;;;;;;;;;;;;;;;;;;;;;;;;;;;;;;;;
;;;;;;;;;;;;;;;;;;;;;;;;;;;;;;;;;;;;;;;;;;;;;;;;;;;;;
;;;;;;;;;;;;;;;;;;;;;;;;;;;;;;;;;;;;;;;;;;;;;;;;;;;;;
;;;;;;;;;;;;;;;;;;;;;;;;;;;;;;;;;;;;;;;;;;;;;;;;;;;;;
;;;;;;;;;;;;;;;;;;;;;;;;;;;;;;;;;;;;;;;;;;;;;;;;;;;;;
;;;;;;;;;;;;;;;;;;;;;;;;;;;;;;;;;;;;;;;;;;;;;;;;;;;;;
;;;;;;;;;;;;;;;;;;;;;;;;;;;;;;;;;;;;;;;;;;;;;;;;;;;;;
;;;;;;;;;;;;;;;;;;;;;;;;;;;;;;;;;;;;;;;;;;;;;;;;;;;;;
;;;;;;;;;;;;;;;;;;;;;;;;;;;;;;;;;;;;;;;;;;;;;;;;;;;;;
;;;;;;;;;;;;;;;;;;;;;;;;;;;;;;;;;;;;;;;;;;;;;;;;;;;;;
;;;;;;;;;;;;;;;;;;;;;;;;;;;;;;;;;;;;;;;;;;;;;;;;;;;;;
;;;;;;;;;;;;;;;;;;;;;;;;;;;;;;;;;;;;;;;;;;;;;;;;;;;;;
;;;;;;;;;;;;;;;;;;;;;;;;;;;;;;;;;;;;;;;;;;;;;;;;;;;;;
;;;;;;;;;;;;;;;;;;;;;;;;;;;;;;;;;;;;;;;;;;;;;;;;;;;;;
;;;;;;;;;;;;;;;;;;;;;;;;;;;;;;;;;;;;;;;;;;;;;;;;;;;;;
;;;;;;;;;;;;;;;;;;;;;;;;;;;;;;;;;;;;;;;;;;;;;;;;;;;;;
;;;;;;;;;;;;;;;;;;;;;;;;;;;;;;;;;;;;;;;;;;;;;;;;;;;;;
;;;;;;;;;;;;;;;;;;;;;;;;;;;;;;;;;;;;;;;;;;;;;;;;;;;;;
;;;;;;;;;;;;;;;;;;;;;;;;;;;;;;;;;;;;;;;;;;;;;;;;;;;;;
;;;;;;;;;;;;;;;;;;;;;;;;;;;;;;;;;;;;;;;;;;;;;;;;;;;;;
;;;;;;;;;;;;;;;;;;;;;;;;;;;;;;;;;;;;;;;;;;;;;;;;;;;;;
;;;;;;;;;;;;;;;;;;;;;;;;;;;;;;;;;;;;;;;;;;;;;;;;;;;;;
;;;;;;;;;;;;;;;;;;;;;;;;;;;;;;;;;;;;;;;;;;;;;;;;;;;;;
;;;;;;;;;;;;;;;;;;;;;;;;;;;;;;;;;;;;;;;;;;;;;;;;;;;;;
;;;;;;;;;;;;;;;;;;;;;;;;;;;;;;;;;;;;;;;;;;;;;;;;;;;;;
;;;;;;;;;;;;;;;;;;;;;;;;;;;;;;;;;;;;;;;;;;;;;;;;;;;;;
;;;;;;;;;;;;;;;;;;;;;;;;;;;;;;;;;;;;;;;;;;;;;;;;;;;;;
;;;;;;;;;;;;;;;;;;;;;;;;;;;;;;;;;;;;;;;;;;;;;;;;;;;;;
;;;;;;;;;;;;;;;;;;;;;;;;;;;;;;;;;;;;;;;;;;;;;;;;;;;;;
;;;;;;;;;;;;;;;;;;;;;;;;;;;;;;;;;;;;;;;;;;;;;;;;;;;;;
;;;;;;;;;;;;;;;;;;;;;;;;;;;;;;;;;;;;;;;;;;;;;;;;;;;;;
;;;;;;;;;;;;;;;;;;;;;;;;;;;;;;;;;;;;;;;;;;;;;;;;;;;;;
;;;;;;;;;;;;;;;;;;;;;;;;;;;;;;;;;;;;;;;;;;;;;;;;;;;;;
;;;;;;;;;;;;;;;;;;;;;;;;;;;;;;;;;;;;;;;;;;;;;;;;;;;;;
;;;;;;;;;;;;;;;;;;;;;;;;;;;;;;;;;;;;;;;;;;;;;;;;;;;;;
;;;;;;;;;;;;;;;;;;;;;;;;;;;;;;;;;;;;;;;;;;;;;;;;;;;;;
;;;;;;;;;;;;;;;;;;;;;;;;;;;;;;;;;;;;;;;;;;;;;;;;;;;;;
;;;;;;;;;;;;;;;;;;;;;;;;;;;;;;;;;;;;;;;;;;;;;;;;;;;;;
;;;;;;;;;;;;;;;;;;;;;;;;;;;;;;;;;;;;;;;;;;;;;;;;;;;;;
;;;;;;;;;;;;;;;;;;;;;;;;;;;;;;;;;;;;;;;;;;;;;;;;;;;;;
;;;;;;;;;;;;;;;;;;;;;;;;;;;;;;;;;;;;;;;;;;;;;;;;;;;;;
;;;;;;;;;;;;;;;;;;;;;;;;;;;;;;;;;;;;;;;;;;;;;;;;;;;;;
;;;;;;;;;;;;;;;;;;;;;;;;;;;;;;;;;;;;;;;;;;;;;;;;;;;;;
;;;;;;;;;;;;;;;;;;;;;;;;;;;;;;;;;;;;;;;;;;;;;;;;;;;;;
;;;;;;;;;;;;;;;;;;;;;;;;;;;;;;;;;;;;;;;;;;;;;;;;;;;;;
;;;;;;;;;;;;;;;;;;;;;;;;;;;;;;;;;;;;;;;;;;;;;;;;;;;;;
;;;;;;;;;;;;;;;;;;;;;;;;;;;;;;;;;;;;;;;;;;;;;;;;;;;;;
;;;;;;;;;;;;;;;;;;;;;;;;;;;;;;;;;;;;;;;;;;;;;;;;;;;;;
;;;;;;;;;;;;;;;;;;;;;;;;;;;;;;;;;;;;;;;;;;;;;;;;;;;;;
;;;;;;;;;;;;;;;;;;;;;;;;;;;;;;;;;;;;;;;;;;;;;;;;;;;;;
;;;;;;;;;;;;;;;;;;;;;;;;;;;;;;;;;;;;;;;;;;;;;;;;;;;;;
;;;;;;;;;;;;;;;;;;;;;;;;;;;;;;;;;;;;;;;;;;;;;;;;;;;;;
;;;;;;;;;;;;;;;;;;;;;;;;;;;;;;;;;;;;;;;;;;;;;;;;;;;;;
;;;;;;;;;;;;;;;;;;;;;;;;;;;;;;;;;;;;;;;;;;;;;;;;;;;;;
;;;;;;;;;;;;;;;;;;;;;;;;;;;;;;;;;;;;;;;;;;;;;;;;;;;;;
;;;;;;;;;;;;;;;;;;;;;;;;;;;;;;;;;;;;;;;;;;;;;;;;;;;;;
;;;;;;;;;;;;;;;;;;;;;;;;;;;;;;;;;;;;;;;;;;;;;;;;;;;;;
;;;;;;;;;;;;;;;;;;;;;;;;;;;;;;;;;;;;;;;;;;;;;;;;;;;;;
;;;;;;;;;;;;;;;;;;;;;;;;;;;;;;;;;;;;;;;;;;;;;;;;;;;;;
;;;;;;;;;;;;;;;;;;;;;;;;;;;;;;;;;;;;;;;;;;;;;;;;;;;;;
;;;;;;;;;;;;;;;;;;;;;;;;;;;;;;;;;;;;;;;;;;;;;;;;;;;;;
;;;;;;;;;;;;;;;;;;;;;;;;;;;;;;;;;;;;;;;;;;;;;;;;;;;;;
;;;;;;;;;;;;;;;;;;;;;;;;;;;;;;;;;;;;;;;;;;;;;;;;;;;;;
;;;;;;;;;;;;;;;;;;;;;;;;;;;;;;;;;;;;;;;;;;;;;;;;;;;;;
;;;;;;;;;;;;;;;;;;;;;;;;;;;;;;;;;;;;;;;;;;;;;;;;;;;;;
;;;;;;;;;;;;;;;;;;;;;;;;;;;;;;;;;;;;;;;;;;;;;;;;;;;;;
;;;;;;;;;;;;;;;;;;;;;;;;;;;;;;;;;;;;;;;;;;;;;;;;;;;;;
;;;;;;;;;;;;;;;;;;;;;;;;;;;;;;;;;;;;;;;;;;;;;;;;;;;;;
;;;;;;;;;;;;;;;;;;;;;;;;;;;;;;;;;;;;;;;;;;;;;;;;;;;;;
;;;;;;;;;;;;;;;;;;;;;;;;;;;;;;;;;;;;;;;;;;;;;;;;;;;;;
;;;;;;;;;;;;;;;;;;;;;;;;;;;;;;;;;;;;;;;;;;;;;;;;;;;;;
;;;;;;;;;;;;;;;;;;;;;;;;;;;;;;;;;;;;;;;;;;;;;;;;;;;;;
;;;;;;;;;;;;;;;;;;;;;;;;;;;;;;;;;;;;;;;;;;;;;;;;;;;;;
;;;;;;;;;;;;;;;;;;;;;;;;;;;;;;;;;;;;;;;;;;;;;;;;;;;;;
;;;;;;;;;;;;;;;;;;;;;;;;;;;;;;;;;;;;;;;;;;;;;;;;;;;;;
;;;;;;;;;;;;;;;;;;;;;;;;;;;;;;;;;;;;;;;;;;;;;;;;;;;;;
;;;;;;;;;;;;;;;;;;;;;;;;;;;;;;;;;;;;;;;;;;;;;;;;;;;;;
;;;;;;;;;;;;;;;;;;;;;;;;;;;;;;;;;;;;;;;;;;;;;;;;;;;;;
;;;;;;;;;;;;;;;;;;;;;;;;;;;;;;;;;;;;;;;;;;;;;;;;;;;;;
;;;;;;;;;;;;;;;;;;;;;;;;;;;;;;;;;;;;;;;;;;;;;;;;;;;;;
;;;;;;;;;;;;;;;;;;;;;;;;;;;;;;;;;;;;;;;;;;;;;;;;;;;;;
;;;;;;;;;;;;;;;;;;;;;;;;;;;;;;;;;;;;;;;;;;;;;;;;;;;;;
;;;;;;;;;;;;;;;;;;;;;;;;;;;;;;;;;;;;;;;;;;;;;;;;;;;;;
;;;;;;;;;;;;;;;;;;;;;;;;;;;;;;;;;;;;;;;;;;;;;;;;;;;;;
;;;;;;;;;;;;;;;;;;;;;;;;;;;;;;;;;;;;;;;;;;;;;;;;;;;;;
;;;;;;;;;;;;;;;;;;;;;;;;;;;;;;;;;;;;;;;;;;;;;;;;;;;;;
;;;;;;;;;;;;;;;;;;;;;;;;;;;;;;;;;;;;;;;;;;;;;;;;;;;;;
;;;;;;;;;;;;;;;;;;;;;;;;;;;;;;;;;;;;;;;;;;;;;;;;;;;;;
;;;;;;;;;;;;;;;;;;;;;;;;;;;;;;;;;;;;;;;;;;;;;;;;;;;;;
;;;;;;;;;;;;;;;;;;;;;;;;;;;;;;;;;;;;;;;;;;;;;;;;;;;;;
;;;;;;;;;;;;;;;;;;;;;;;;;;;;;;;;;;;;;;;;;;;;;;;;;;;;;
;;;;;;;;;;;;;;;;;;;;;;;;;;;;;;;;;;;;;;;;;;;;;;;;;;;;;
;;;;;;;;;;;;;;;;;;;;;;;;;;;;;;;;;;;;;;;;;;;;;;;;;;;;;
;;;;;;;;;;;;;;;;;;;;;;;;;;;;;;;;;;;;;;;;;;;;;;;;;;;;;
;;;;;;;;;;;;;;;;;;;;;;;;;;;;;;;;;;;;;;;;;;;;;;;;;;;;;
;;;;;;;;;;;;;;;;;;;;;;;;;;;;;;;;;;;;;;;;;;;;;;;;;;;;;
;;;;;;;;;;;;;;;;;;;;;;;;;;;;;;;;;;;;;;;;;;;;;;;;;;;;;
;;;;;;;;;;;;;;;;;;;;;;;;;;;;;;;;;;;;;;;;;;;;;;;;;;;;;
;;;;;;;;;;;;;;;;;;;;;;;;;;;;;;;;;;;;;;;;;;;;;;;;;;;;;
;;;;;;;;;;;;;;;;;;;;;;;;;;;;;;;;;;;;;;;;;;;;;;;;;;;;;
;;;;;;;;;;;;;;;;;;;;;;;;;;;;;;;;;;;;;;;;;;;;;;;;;;;;;
;;;;;;;;;;;;;;;;;;;;;;;;;;;;;;;;;;;;;;;;;;;;;;;;;;;;;
;;;;;;;;;;;;;;;;;;;;;;;;;;;;;;;;;;;;;;;;;;;;;;;;;;;;;
;;;;;;;;;;;;;;;;;;;;;;;;;;;;;;;;;;;;;;;;;;;;;;;;;;;;;
;;;;;;;;;;;;;;;;;;;;;;;;;;;;;;;;;;;;;;;;;;;;;;;;;;;;;
;;;;;;;;;;;;;;;;;;;;;;;;;;;;;;;;;;;;;;;;;;;;;;;;;;;;;
;;;;;;;;;;;;;;;;;;;;;;;;;;;;;;;;;;;;;;;;;;;;;;;;;;;;;
;;;;;;;;;;;;;;;;;;;;;;;;;;;;;;;;;;;;;;;;;;;;;;;;;;;;;
;;;;;;;;;;;;;;;;;;;;;;;;;;;;;;;;;;;;;;;;;;;;;;;;;;;;;
;;;;;;;;;;;;;;;;;;;;;;;;;;;;;;;;;;;;;;;;;;;;;;;;;;;;;
;;;;;;;;;;;;;;;;;;;;;;;;;;;;;;;;;;;;;;;;;;;;;;;;;;;;;
;;;;;;;;;;;;;;;;;;;;;;;;;;;;;;;;;;;;;;;;;;;;;;;;;;;;;
;;;;;;;;;;;;;;;;;;;;;;;;;;;;;;;;;;;;;;;;;;;;;;;;;;;;;
;;;;;;;;;;;;;;;;;;;;;;;;;;;;;;;;;;;;;;;;;;;;;;;;;;;;;
;;;;;;;;;;;;;;;;;;;;;;;;;;;;;;;;;;;;;;;;;;;;;;;;;;;;;
;;;;;;;;;;;;;;;;;;;;;;;;;;;;;;;;;;;;;;;;;;;;;;;;;;;;;
;;;;;;;;;;;;;;;;;;;;;;;;;;;;;;;;;;;;;;;;;;;;;;;;;;;;;
;;;;;;;;;;;;;;;;;;;;;;;;;;;;;;;;;;;;;;;;;;;;;;;;;;;;;
;;;;;;;;;;;;;;;;;;;;;;;;;;;;;;;;;;;;;;;;;;;;;;;;;;;;;
;;;;;;;;;;;;;;;;;;;;;;;;;;;;;;;;;;;;;;;;;;;;;;;;;;;;;
;;;;;;;;;;;;;;;;;;;;;;;;;;;;;;;;;;;;;;;;;;;;;;;;;;;;;
;;;;;;;;;;;;;;;;;;;;;;;;;;;;;;;;;;;;;;;;;;;;;;;;;;;;;
;;;;;;;;;;;;;;;;;;;;;;;;;;;;;;;;;;;;;;;;;;;;;;;;;;;;;
;;;;;;;;;;;;;;;;;;;;;;;;;;;;;;;;;;;;;;;;;;;;;;;;;;;;;
;;;;;;;;;;;;;;;;;;;;;;;;;;;;;;;;;;;;;;;;;;;;;;;;;;;;;
;;;;;;;;;;;;;;;;;;;;;;;;;;;;;;;;;;;;;;;;;;;;;;;;;;;;;
;;;;;;;;;;;;;;;;;;;;;;;;;;;;;;;;;;;;;;;;;;;;;;;;;;;;;
;;;;;;;;;;;;;;;;;;;;;;;;;;;;;;;;;;;;;;;;;;;;;;;;;;;;;
;;;;;;;;;;;;;;;;;;;;;;;;;;;;;;;;;;;;;;;;;;;;;;;;;;;;;
;;;;;;;;;;;;;;;;;;;;;;;;;;;;;;;;;;;;;;;;;;;;;;;;;;;;;
;;;;;;;;;;;;;;;;;;;;;;;;;;;;;;;;;;;;;;;;;;;;;;;;;;;;;
;;;;;;;;;;;;;;;;;;;;;;;;;;;;;;;;;;;;;;;;;;;;;;;;;;;;;
;;;;;;;;;;;;;;;;;;;;;;;;;;;;;;;;;;;;;;;;;;;;;;;;;;;;;
;;;;;;;;;;;;;;;;;;;;;;;;;;;;;;;;;;;;;;;;;;;;;;;;;;;;;
;;;;;;;;;;;;;;;;;;;;;;;;;;;;;;;;;;;;;;;;;;;;;;;;;;;;;
;;;;;;;;;;;;;;;;;;;;;;;;;;;;;;;;;;;;;;;;;;;;;;;;;;;;;
;;;;;;;;;;;;;;;;;;;;;;;;;;;;;;;;;;;;;;;;;;;;;;;;;;;;;
;;;;;;;;;;;;;;;;;;;;;;;;;;;;;;;;;;;;;;;;;;;;;;;;;;;;;
;;;;;;;;;;;;;;;;;;;;;;;;;;;;;;;;;;;;;;;;;;;;;;;;;;;;;
;;;;;;;;;;;;;;;;;;;;;;;;;;;;;;;;;;;;;;;;;;;;;;;;;;;;;
;;;;;;;;;;;;;;;;;;;;;;;;;;;;;;;;;;;;;;;;;;;;;;;;;;;;;
;;;;;;;;;;;;;;;;;;;;;;;;;;;;;;;;;;;;;;;;;;;;;;;;;;;;;
;;;;;;;;;;;;;;;;;;;;;;;;;;;;;;;;;;;;;;;;;;;;;;;;;;;;;
;;;;;;;;;;;;;;;;;;;;;;;;;;;;;;;;;;;;;;;;;;;;;;;;;;;;;
;;;;;;;;;;;;;;;;;;;;;;;;;;;;;;;;;;;;;;;;;;;;;;;;;;;;;
;;;;;;;;;;;;;;;;;;;;;;;;;;;;;;;;;;;;;;;;;;;;;;;;;;;;;
;;;;;;;;;;;;;;;;;;;;;;;;;;;;;;;;;;;;;;;;;;;;;;;;;;;;;
;;;;;;;;;;;;;;;;;;;;;;;;;;;;;;;;;;;;;;;;;;;;;;;;;;;;;
;;;;;;;;;;;;;;;;;;;;;;;;;;;;;;;;;;;;;;;;;;;;;;;;;;;;;
;;;;;;;;;;;;;;;;;;;;;;;;;;;;;;;;;;;;;;;;;;;;;;;;;;;;;
;;;;;;;;;;;;;;;;;;;;;;;;;;;;;;;;;;;;;;;;;;;;;;;;;;;;;
;;;;;;;;;;;;;;;;;;;;;;;;;;;;;;;;;;;;;;;;;;;;;;;;;;;;;
;;;;;;;;;;;;;;;;;;;;;;;;;;;;;;;;;;;;;;;;;;;;;;;;;;;;;
;;;;;;;;;;;;;;;;;;;;;;;;;;;;;;;;;;;;;;;;;;;;;;;;;;;;;
;;;;;;;;;;;;;;;;;;;;;;;;;;;;;;;;;;;;;;;;;;;;;;;;;;;;;
;;;;;;;;;;;;;;;;;;;;;;;;;;;;;;;;;;;;;;;;;;;;;;;;;;;;;
;;;;;;;;;;;;;;;;;;;;;;;;;;;;;;;;;;;;;;;;;;;;;;;;;;;;;
;;;;;;;;;;;;;;;;;;;;;;;;;;;;;;;;;;;;;;;;;;;;;;;;;;;;;
;;;;;;;;;;;;;;;;;;;;;;;;;;;;;;;;;;;;;;;;;;;;;;;;;;;;;
;;;;;;;;;;;;;;;;;;;;;;;;;;;;;;;;;;;;;;;;;;;;;;;;;;;;;
;;;;;;;;;;;;;;;;;;;;;;;;;;;;;;;;;;;;;;;;;;;;;;;;;;;;;
;;;;;;;;;;;;;;;;;;;;;;;;;;;;;;;;;;;;;;;;;;;;;;;;;;;;;
;;;;;;;;;;;;;;;;;;;;;;;;;;;;;;;;;;;;;;;;;;;;;;;;;;;;;
;;;;;;;;;;;;;;;;;;;;;;;;;;;;;;;;;;;;;;;;;;;;;;;;;;;;;
;;;;;;;;;;;;;;;;;;;;;;;;;;;;;;;;;;;;;;;;;;;;;;;;;;;;;
;;;;;;;;;;;;;;;;;;;;;;;;;;;;;;;;;;;;;;;;;;;;;;;;;;;;;
;;;;;;;;;;;;;;;;;;;;;;;;;;;;;;;;;;;;;;;;;;;;;;;;;;;;;
;;;;;;;;;;;;;;;;;;;;;;;;;;;;;;;;;;;;;;;;;;;;;;;;;;;;;
;;;;;;;;;;;;;;;;;;;;;;;;;;;;;;;;;;;;;;;;;;;;;;;;;;;;;
;;;;;;;;;;;;;;;;;;;;;;;;;;;;;;;;;;;;;;;;;;;;;;;;;;;;;
;;;;;;;;;;;;;;;;;;;;;;;;;;;;;;;;;;;;;;;;;;;;;;;;;;;;;
;;;;;;;;;;;;;;;;;;;;;;;;;;;;;;;;;;;;;;;;;;;;;;;;;;;;;
;;;;;;;;;;;;;;;;;;;;;;;;;;;;;;;;;;;;;;;;;;;;;;;;;;;;;
;;;;;;;;;;;;;;;;;;;;;;;;;;;;;;;;;;;;;;;;;;;;;;;;;;;;;
;;;;;;;;;;;;;;;;;;;;;;;;;;;;;;;;;;;;;;;;;;;;;;;;;;;;;
;;;;;;;;;;;;;;;;;;;;;;;;;;;;;;;;;;;;;;;;;;;;;;;;;;;;;
;;;;;;;;;;;;;;;;;;;;;;;;;;;;;;;;;;;;;;;;;;;;;;;;;;;;;
;;;;;;;;;;;;;;;;;;;;;;;;;;;;;;;;;;;;;;;;;;;;;;;;;;;;;
;;;;;;;;;;;;;;;;;;;;;;;;;;;;;;;;;;;;;;;;;;;;;;;;;;;;;
;;;;;;;;;;;;;;;;;;;;;;;;;;;;;;;;;;;;;;;;;;;;;;;;;;;;;
;;;;;;;;;;;;;;;;;;;;;;;;;;;;;;;;;;;;;;;;;;;;;;;;;;;;;
;;;;;;;;;;;;;;;;;;;;;;;;;;;;;;;;;;;;;;;;;;;;;;;;;;;;;
;;;;;;;;;;;;;;;;;;;;;;;;;;;;;;;;;;;;;;;;;;;;;;;;;;;;;
;;;;;;;;;;;;;;;;;;;;;;;;;;;;;;;;;;;;;;;;;;;;;;;;;;;;;
;;;;;;;;;;;;;;;;;;;;;;;;;;;;;;;;;;;;;;;;;;;;;;;;;;;;;
;;;;;;;;;;;;;;;;;;;;;;;;;;;;;;;;;;;;;;;;;;;;;;;;;;;;;
;;;;;;;;;;;;;;;;;;;;;;;;;;;;;;;;;;;;;;;;;;;;;;;;;;;;;
;;;;;;;;;;;;;;;;;;;;;;;;;;;;;;;;;;;;;;;;;;;;;;;;;;;;;
;;;;;;;;;;;;;;;;;;;;;;;;;;;;;;;;;;;;;;;;;;;;;;;;;;;;;
;;;;;;;;;;;;;;;;;;;;;;;;;;;;;;;;;;;;;;;;;;;;;;;;;;;;;
;;;;;;;;;;;;;;;;;;;;;;;;;;;;;;;;;;;;;;;;;;;;;;;;;;;;;
;;;;;;;;;;;;;;;;;;;;;;;;;;;;;;;;;;;;;;;;;;;;;;;;;;;;;
;;;;;;;;;;;;;;;;;;;;;;;;;;;;;;;;;;;;;;;;;;;;;;;;;;;;;
;;;;;;;;;;;;;;;;;;;;;;;;;;;;;;;;;;;;;;;;;;;;;;;;;;;;;
;;;;;;;;;;;;;;;;;;;;;;;;;;;;;;;;;;;;;;;;;;;;;;;;;;;;;
;;;;;;;;;;;;;;;;;;;;;;;;;;;;;;;;;;;;;;;;;;;;;;;;;;;;;
;;;;;;;;;;;;;;;;;;;;;;;;;;;;;;;;;;;;;;;;;;;;;;;;;;;;;
;;;;;;;;;;;;;;;;;;;;;;;;;;;;;;;;;;;;;;;;;;;;;;;;;;;;;
;;;;;;;;;;;;;;;;;;;;;;;;;;;;;;;;;;;;;;;;;;;;;;;;;;;;;
;;;;;;;;;;;;;;;;;;;;;;;;;;;;;;;;;;;;;;;;;;;;;;;;;;;;;
;;;;;;;;;;;;;;;;;;;;;;;;;;;;;;;;;;;;;;;;;;;;;;;;;;;;;
;;;;;;;;;;;;;;;;;;;;;;;;;;;;;;;;;;;;;;;;;;;;;;;;;;;;;
;;;;;;;;;;;;;;;;;;;;;;;;;;;;;;;;;;;;;;;;;;;;;;;;;;;;;
;;;;;;;;;;;;;;;;;;;;;;;;;;;;;;;;;;;;;;;;;;;;;;;;;;;;;
;;;;;;;;;;;;;;;;;;;;;;;;;;;;;;;;;;;;;;;;;;;;;;;;;;;;;
;;;;;;;;;;;;;;;;;;;;;;;;;;;;;;;;;;;;;;;;;;;;;;;;;;;;;
;;;;;;;;;;;;;;;;;;;;;;;;;;;;;;;;;;;;;;;;;;;;;;;;;;;;;
;;;;;;;;;;;;;;;;;;;;;;;;;;;;;;;;;;;;;;;;;;;;;;;;;;;;;
;;;;;;;;;;;;;;;;;;;;;;;;;;;;;;;;;;;;;;;;;;;;;;;;;;;;;
;;;;;;;;;;;;;;;;;;;;;;;;;;;;;;;;;;;;;;;;;;;;;;;;;;;;;
;;;;;;;;;;;;;;;;;;;;;;;;;;;;;;;;;;;;;;;;;;;;;;;;;;;;;
;;;;;;;;;;;;;;;;;;;;;;;;;;;;;;;;;;;;;;;;;;;;;;;;;;;;;
;;;;;;;;;;;;;;;;;;;;;;;;;;;;;;;;;;;;;;;;;;;;;;;;;;;;;
;;;;;;;;;;;;;;;;;;;;;;;;;;;;;;;;;;;;;;;;;;;;;;;;;;;;;
;;;;;;;;;;;;;;;;;;;;;;;;;;;;;;;;;;;;;;;;;;;;;;;;;;;;;
;;;;;;;;;;;;;;;;;;;;;;;;;;;;;;;;;;;;;;;;;;;;;;;;;;;;;
;;;;;;;;;;;;;;;;;;;;;;;;;;;;;;;;;;;;;;;;;;;;;;;;;;;;;
;;;;;;;;;;;;;;;;;;;;;;;;;;;;;;;;;;;;;;;;;;;;;;;;;;;;;
;;;;;;;;;;;;;;;;;;;;;;;;;;;;;;;;;;;;;;;;;;;;;;;;;;;;;
;;;;;;;;;;;;;;;;;;;;;;;;;;;;;;;;;;;;;;;;;;;;;;;;;;;;;
;;;;;;;;;;;;;;;;;;;;;;;;;;;;;;;;;;;;;;;;;;;;;;;;;;;;;
;;;;;;;;;;;;;;;;;;;;;;;;;;;;;;;;;;;;;;;;;;;;;;;;;;;;;
;;;;;;;;;;;;;;;;;;;;;;;;;;;;;;;;;;;;;;;;;;;;;;;;;;;;;
;;;;;;;;;;;;;;;;;;;;;;;;;;;;;;;;;;;;;;;;;;;;;;;;;;;;;
;;;;;;;;;;;;;;;;;;;;;;;;;;;;;;;;;;;;;;;;;;;;;;;;;;;;;
;;;;;;;;;;;;;;;;;;;;;;;;;;;;;;;;;;;;;;;;;;;;;;;;;;;;;
;;;;;;;;;;;;;;;;;;;;;;;;;;;;;;;;;;;;;;;;;;;;;;;;;;;;;
;;;;;;;;;;;;;;;;;;;;;;;;;;;;;;;;;;;;;;;;;;;;;;;;;;;;;
;;;;;;;;;;;;;;;;;;;;;;;;;;;;;;;;;;;;;;;;;;;;;;;;;;;;;
;;;;;;;;;;;;;;;;;;;;;;;;;;;;;;;;;;;;;;;;;;;;;;;;;;;;;
;;;;;;;;;;;;;;;;;;;;;;;;;;;;;;;;;;;;;;;;;;;;;;;;;;;;;
;;;;;;;;;;;;;;;;;;;;;;;;;;;;;;;;;;;;;;;;;;;;;;;;;;;;;
;;;;;;;;;;;;;;;;;;;;;;;;;;;;;;;;;;;;;;;;;;;;;;;;;;;;;
;;;;;;;;;;;;;;;;;;;;;;;;;;;;;;;;;;;;;;;;;;;;;;;;;;;;;
;;;;;;;;;;;;;;;;;;;;;;;;;;;;;;;;;;;;;;;;;;;;;;;;;;;;;
;;;;;;;;;;;;;;;;;;;;;;;;;;;;;;;;;;;;;;;;;;;;;;;;;;;;;
;;;;;;;;;;;;;;;;;;;;;;;;;;;;;;;;;;;;;;;;;;;;;;;;;;;;;
;;;;;;;;;;;;;;;;;;;;;;;;;;;;;;;;;;;;;;;;;;;;;;;;;;;;;
;;;;;;;;;;;;;;;;;;;;;;;;;;;;;;;;;;;;;;;;;;;;;;;;;;;;;
;;;;;;;;;;;;;;;;;;;;;;;;;;;;;;;;;;;;;;;;;;;;;;;;;;;;;
;;;;;;;;;;;;;;;;;;;;;;;;;;;;;;;;;;;;;;;;;;;;;;;;;;;;;
;;;;;;;;;;;;;;;;;;;;;;;;;;;;;;;;;;;;;;;;;;;;;;;;;;;;;
;;;;;;;;;;;;;;;;;;;;;;;;;;;;;;;;;;;;;;;;;;;;;;;;;;;;;
;;;;;;;;;;;;;;;;;;;;;;;;;;;;;;;;;;;;;;;;;;;;;;;;;;;;;
;;;;;;;;;;;;;;;;;;;;;;;;;;;;;;;;;;;;;;;;;;;;;;;;;;;;;
;;;;;;;;;;;;;;;;;;;;;;;;;;;;;;;;;;;;;;;;;;;;;;;;;;;;;
;;;;;;;;;;;;;;;;;;;;;;;;;;;;;;;;;;;;;;;;;;;;;;;;;;;;;
;;;;;;;;;;;;;;;;;;;;;;;;;;;;;;;;;;;;;;;;;;;;;;;;;;;;;
;;;;;;;;;;;;;;;;;;;;;;;;;;;;;;;;;;;;;;;;;;;;;;;;;;;;;
;;;;;;;;;;;;;;;;;;;;;;;;;;;;;;;;;;;;;;;;;;;;;;;;;;;;;
;;;;;;;;;;;;;;;;;;;;;;;;;;;;;;;;;;;;;;;;;;;;;;;;;;;;;
;;;;;;;;;;;;;;;;;;;;;;;;;;;;;;;;;;;;;;;;;;;;;;;;;;;;;
;;;;;;;;;;;;;;;;;;;;;;;;;;;;;;;;;;;;;;;;;;;;;;;;;;;;;
;;;;;;;;;;;;;;;;;;;;;;;;;;;;;;;;;;;;;;;;;;;;;;;;;;;;;
;;;;;;;;;;;;;;;;;;;;;;;;;;;;;;;;;;;;;;;;;;;;;;;;;;;;;
;;;;;;;;;;;;;;;;;;;;;;;;;;;;;;;;;;;;;;;;;;;;;;;;;;;;;
;;;;;;;;;;;;;;;;;;;;;;;;;;;;;;;;;;;;;;;;;;;;;;;;;;;;;
;;;;;;;;;;;;;;;;;;;;;;;;;;;;;;;;;;;;;;;;;;;;;;;;;;;;;
;;;;;;;;;;;;;;;;;;;;;;;;;;;;;;;;;;;;;;;;;;;;;;;;;;;;;
;;;;;;;;;;;;;;;;;;;;;;;;;;;;;;;;;;;;;;;;;;;;;;;;;;;;;
;;;;;;;;;;;;;;;;;;;;;;;;;;;;;;;;;;;;;;;;;;;;;;;;;;;;;
;;;;;;;;;;;;;;;;;;;;;;;;;;;;;;;;;;;;;;;;;;;;;;;;;;;;;
;;;;;;;;;;;;;;;;;;;;;;;;;;;;;;;;;;;;;;;;;;;;;;;;;;;;;
;;;;;;;;;;;;;;;;;;;;;;;;;;;;;;;;;;;;;;;;;;;;;;;;;;;;;
;;;;;;;;;;;;;;;;;;;;;;;;;;;;;;;;;;;;;;;;;;;;;;;;;;;;;
;;;;;;;;;;;;;;;;;;;;;;;;;;;;;;;;;;;;;;;;;;;;;;;;;;;;;
;;;;;;;;;;;;;;;;;;;;;;;;;;;;;;;;;;;;;;;;;;;;;;;;;;;;;
;;;;;;;;;;;;;;;;;;;;;;;;;;;;;;;;;;;;;;;;;;;;;;;;;;;;;
;;;;;;;;;;;;;;;;;;;;;;;;;;;;;;;;;;;;;;;;;;;;;;;;;;;;;
;;;;;;;;;;;;;;;;;;;;;;;;;;;;;;;;;;;;;;;;;;;;;;;;;;;;;
;;;;;;;;;;;;;;;;;;;;;;;;;;;;;;;;;;;;;;;;;;;;;;;;;;;;;
;;;;;;;;;;;;;;;;;;;;;;;;;;;;;;;;;;;;;;;;;;;;;;;;;;;;;
;;;;;;;;;;;;;;;;;;;;;;;;;;;;;;;;;;;;;;;;;;;;;;;;;;;;;
;;;;;;;;;;;;;;;;;;;;;;;;;;;;;;;;;;;;;;;;;;;;;;;;;;;;;
;;;;;;;;;;;;;;;;;;;;;;;;;;;;;;;;;;;;;;;;;;;;;;;;;;;;;
;;;;;;;;;;;;;;;;;;;;;;;;;;;;;;;;;;;;;;;;;;;;;;;;;;;;;
;;;;;;;;;;;;;;;;;;;;;;;;;;;;;;;;;;;;;;;;;;;;;;;;;;;;;
;;;;;;;;;;;;;;;;;;;;;;;;;;;;;;;;;;;;;;;;;;;;;;;;;;;;;
;;;;;;;;;;;;;;;;;;;;;;;;;;;;;;;;;;;;;;;;;;;;;;;;;;;;;
;;;;;;;;;;;;;;;;;;;;;;;;;;;;;;;;;;;;;;;;;;;;;;;;;;;;;
;;;;;;;;;;;;;;;;;;;;;;;;;;;;;;;;;;;;;;;;;;;;;;;;;;;;;
;;;;;;;;;;;;;;;;;;;;;;;;;;;;;;;;;;;;;;;;;;;;;;;;;;;;;
;;;;;;;;;;;;;;;;;;;;;;;;;;;;;;;;;;;;;;;;;;;;;;;;;;;;;
;;;;;;;;;;;;;;;;;;;;;;;;;;;;;;;;;;;;;;;;;;;;;;;;;;;;;
;;;;;;;;;;;;;;;;;;;;;;;;;;;;;;;;;;;;;;;;;;;;;;;;;;;;;
;;;;;;;;;;;;;;;;;;;;;;;;;;;;;;;;;;;;;;;;;;;;;;;;;;;;;
;;;;;;;;;;;;;;;;;;;;;;;;;;;;;;;;;;;;;;;;;;;;;;;;;;;;;
;;;;;;;;;;;;;;;;;;;;;;;;;;;;;;;;;;;;;;;;;;;;;;;;;;;;;
;;;;;;;;;;;;;;;;;;;;;;;;;;;;;;;;;;;;;;;;;;;;;;;;;;;;;
;;;;;;;;;;;;;;;;;;;;;;;;;;;;;;;;;;;;;;;;;;;;;;;;;;;;;
;;;;;;;;;;;;;;;;;;;;;;;;;;;;;;;;;;;;;;;;;;;;;;;;;;;;;
;;;;;;;;;;;;;;;;;;;;;;;;;;;;;;;;;;;;;;;;;;;;;;;;;;;;;
;;;;;;;;;;;;;;;;;;;;;;;;;;;;;;;;;;;;;;;;;;;;;;;;;;;;;
;;;;;;;;;;;;;;;;;;;;;;;;;;;;;;;;;;;;;;;;;;;;;;;;;;;;;
;;;;;;;;;;;;;;;;;;;;;;;;;;;;;;;;;;;;;;;;;;;;;;;;;;;;;
;;;;;;;;;;;;;;;;;;;;;;;;;;;;;;;;;;;;;;;;;;;;;;;;;;;;;
;;;;;;;;;;;;;;;;;;;;;;;;;;;;;;;;;;;;;;;;;;;;;;;;;;;;;
;;;;;;;;;;;;;;;;;;;;;;;;;;;;;;;;;;;;;;;;;;;;;;;;;;;;;
;;;;;;;;;;;;;;;;;;;;;;;;;;;;;;;;;;;;;;;;;;;;;;;;;;;;;
;;;;;;;;;;;;;;;;;;;;;;;;;;;;;;;;;;;;;;;;;;;;;;;;;;;;;
;;;;;;;;;;;;;;;;;;;;;;;;;;;;;;;;;;;;;;;;;;;;;;;;;;;;;
;;;;;;;;;;;;;;;;;;;;;;;;;;;;;;;;;;;;;;;;;;;;;;;;;;;;;
;;;;;;;;;;;;;;;;;;;;;;;;;;;;;;;;;;;;;;;;;;;;;;;;;;;;;
;;;;;;;;;;;;;;;;;;;;;;;;;;;;;;;;;;;;;;;;;;;;;;;;;;;;;
;;;;;;;;;;;;;;;;;;;;;;;;;;;;;;;;;;;;;;;;;;;;;;;;;;;;;
;;;;;;;;;;;;;;;;;;;;;;;;;;;;;;;;;;;;;;;;;;;;;;;;;;;;;
;;;;;;;;;;;;;;;;;;;;;;;;;;;;;;;;;;;;;;;;;;;;;;;;;;;;;
;;;;;;;;;;;;;;;;;;;;;;;;;;;;;;;;;;;;;;;;;;;;;;;;;;;;;
;;;;;;;;;;;;;;;;;;;;;;;;;;;;;;;;;;;;;;;;;;;;;;;;;;;;;
;;;;;;;;;;;;;;;;;;;;;;;;;;;;;;;;;;;;;;;;;;;;;;;;;;;;;
;;;;;;;;;;;;;;;;;;;;;;;;;;;;;;;;;;;;;;;;;;;;;;;;;;;;;
;;;;;;;;;;;;;;;;;;;;;;;;;;;;;;;;;;;;;;;;;;;;;;;;;;;;;
;;;;;;;;;;;;;;;;;;;;;;;;;;;;;;;;;;;;;;;;;;;;;;;;;;;;;
;;;;;;;;;;;;;;;;;;;;;;;;;;;;;;;;;;;;;;;;;;;;;;;;;;;;;
;;;;;;;;;;;;;;;;;;;;;;;;;;;;;;;;;;;;;;;;;;;;;;;;;;;;;
;;;;;;;;;;;;;;;;;;;;;;;;;;;;;;;;;;;;;;;;;;;;;;;;;;;;;
;;;;;;;;;;;;;;;;;;;;;;;;;;;;;;;;;;;;;;;;;;;;;;;;;;;;;
;;;;;;;;;;;;;;;;;;;;;;;;;;;;;;;;;;;;;;;;;;;;;;;;;;;;;
;;;;;;;;;;;;;;;;;;;;;;;;;;;;;;;;;;;;;;;;;;;;;;;;;;;;;
;;;;;;;;;;;;;;;;;;;;;;;;;;;;;;;;;;;;;;;;;;;;;;;;;;;;;
;;;;;;;;;;;;;;;;;;;;;;;;;;;;;;;;;;;;;;;;;;;;;;;;;;;;;
;;;;;;;;;;;;;;;;;;;;;;;;;;;;;;;;;;;;;;;;;;;;;;;;;;;;;
;;;;;;;;;;;;;;;;;;;;;;;;;;;;;;;;;;;;;;;;;;;;;;;;;;;;;
;;;;;;;;;;;;;;;;;;;;;;;;;;;;;;;;;;;;;;;;;;;;;;;;;;;;;
;;;;;;;;;;;;;;;;;;;;;;;;;;;;;;;;;;;;;;;;;;;;;;;;;;;;;
;;;;;;;;;;;;;;;;;;;;;;;;;;;;;;;;;;;;;;;;;;;;;;;;;;;;;
;;;;;;;;;;;;;;;;;;;;;;;;;;;;;;;;;;;;;;;;;;;;;;;;;;;;;
;;;;;;;;;;;;;;;;;;;;;;;;;;;;;;;;;;;;;;;;;;;;;;;;;;;;;
;;;;;;;;;;;;;;;;;;;;;;;;;;;;;;;;;;;;;;;;;;;;;;;;;;;;;
;;;;;;;;;;;;;;;;;;;;;;;;;;;;;;;;;;;;;;;;;;;;;;;;;;;;;
;;;;;;;;;;;;;;;;;;;;;;;;;;;;;;;;;;;;;;;;;;;;;;;;;;;;;
;;;;;;;;;;;;;;;;;;;;;;;;;;;;;;;;;;;;;;;;;;;;;;;;;;;;;
;;;;;;;;;;;;;;;;;;;;;;;;;;;;;;;;;;;;;;;;;;;;;;;;;;;;;
;;;;;;;;;;;;;;;;;;;;;;;;;;;;;;;;;;;;;;;;;;;;;;;;;;;;;
;;;;;;;;;;;;;;;;;;;;;;;;;;;;;;;;;;;;;;;;;;;;;;;;;;;;;
;;;;;;;;;;;;;;;;;;;;;;;;;;;;;;;;;;;;;;;;;;;;;;;;;;;;;
;;;;;;;;;;;;;;;;;;;;;;;;;;;;;;;;;;;;;;;;;;;;;;;;;;;;;
;;;;;;;;;;;;;;;;;;;;;;;;;;;;;;;;;;;;;;;;;;;;;;;;;;;;;
;;;;;;;;;;;;;;;;;;;;;;;;;;;;;;;;;;;;;;;;;;;;;;;;;;;;;
;;;;;;;;;;;;;;;;;;;;;;;;;;;;;;;;;;;;;;;;;;;;;;;;;;;;;
;;;;;;;;;;;;;;;;;;;;;;;;;;;;;;;;;;;;;;;;;;;;;;;;;;;;;
;;;;;;;;;;;;;;;;;;;;;;;;;;;;;;;;;;;;;;;;;;;;;;;;;;;;;
;;;;;;;;;;;;;;;;;;;;;;;;;;;;;;;;;;;;;;;;;;;;;;;;;;;;;
;;;;;;;;;;;;;;;;;;;;;;;;;;;;;;;;;;;;;;;;;;;;;;;;;;;;;
;;;;;;;;;;;;;;;;;;;;;;;;;;;;;;;;;;;;;;;;;;;;;;;;;;;;;
;;;;;;;;;;;;;;;;;;;;;;;;;;;;;;;;;;;;;;;;;;;;;;;;;;;;;
;;;;;;;;;;;;;;;;;;;;;;;;;;;;;;;;;;;;;;;;;;;;;;;;;;;;;
;;;;;;;;;;;;;;;;;;;;;;;;;;;;;;;;;;;;;;;;;;;;;;;;;;;;;
;;;;;;;;;;;;;;;;;;;;;;;;;;;;;;;;;;;;;;;;;;;;;;;;;;;;;
;;;;;;;;;;;;;;;;;;;;;;;;;;;;;;;;;;;;;;;;;;;;;;;;;;;;;
;;;;;;;;;;;;;;;;;;;;;;;;;;;;;;;;;;;;;;;;;;;;;;;;;;;;;
;;;;;;;;;;;;;;;;;;;;;;;;;;;;;;;;;;;;;;;;;;;;;;;;;;;;;
;;;;;;;;;;;;;;;;;;;;;;;;;;;;;;;;;;;;;;;;;;;;;;;;;;;;;
;;;;;;;;;;;;;;;;;;;;;;;;;;;;;;;;;;;;;;;;;;;;;;;;;;;;;
;;;;;;;;;;;;;;;;;;;;;;;;;;;;;;;;;;;;;;;;;;;;;;;;;;;;;
;;;;;;;;;;;;;;;;;;;;;;;;;;;;;;;;;;;;;;;;;;;;;;;;;;;;;
;;;;;;;;;;;;;;;;;;;;;;;;;;;;;;;;;;;;;;;;;;;;;;;;;;;;;
;;;;;;;;;;;;;;;;;;;;;;;;;;;;;;;;;;;;;;;;;;;;;;;;;;;;;
;;;;;;;;;;;;;;;;;;;;;;;;;;;;;;;;;;;;;;;;;;;;;;;;;;;;;
;;;;;;;;;;;;;;;;;;;;;;;;;;;;;;;;;;;;;;;;;;;;;;;;;;;;;
;;;;;;;;;;;;;;;;;;;;;;;;;;;;;;;;;;;;;;;;;;;;;;;;;;;;;
;;;;;;;;;;;;;;;;;;;;;;;;;;;;;;;;;;;;;;;;;;;;;;;;;;;;;
;;;;;;;;;;;;;;;;;;;;;;;;;;;;;;;;;;;;;;;;;;;;;;;;;;;;;
;;;;;;;;;;;;;;;;;;;;;;;;;;;;;;;;;;;;;;;;;;;;;;;;;;;;;
;;;;;;;;;;;;;;;;;;;;;;;;;;;;;;;;;;;;;;;;;;;;;;;;;;;;;
;;;;;;;;;;;;;;;;;;;;;;;;;;;;;;;;;;;;;;;;;;;;;;;;;;;;;
;;;;;;;;;;;;;;;;;;;;;;;;;;;;;;;;;;;;;;;;;;;;;;;;;;;;;
;;;;;;;;;;;;;;;;;;;;;;;;;;;;;;;;;;;;;;;;;;;;;;;;;;;;;
;;;;;;;;;;;;;;;;;;;;;;;;;;;;;;;;;;;;;;;;;;;;;;;;;;;;;
;;;;;;;;;;;;;;;;;;;;;;;;;;;;;;;;;;;;;;;;;;;;;;;;;;;;;
;;;;;;;;;;;;;;;;;;;;;;;;;;;;;;;;;;;;;;;;;;;;;;;;;;;;;
;;;;;;;;;;;;;;;;;;;;;;;;;;;;;;;;;;;;;;;;;;;;;;;;;;;;;
;;;;;;;;;;;;;;;;;;;;;;;;;;;;;;;;;;;;;;;;;;;;;;;;;;;;;
;;;;;;;;;;;;;;;;;;;;;;;;;;;;;;;;;;;;;;;;;;;;;;;;;;;;;
;;;;;;;;;;;;;;;;;;;;;;;;;;;;;;;;;;;;;;;;;;;;;;;;;;;;;
;;;;;;;;;;;;;;;;;;;;;;;;;;;;;;;;;;;;;;;;;;;;;;;;;;;;;
;;;;;;;;;;;;;;;;;;;;;;;;;;;;;;;;;;;;;;;;;;;;;;;;;;;;;
;;;;;;;;;;;;;;;;;;;;;;;;;;;;;;;;;;;;;;;;;;;;;;;;;;;;;
;;;;;;;;;;;;;;;;;;;;;;;;;;;;;;;;;;;;;;;;;;;;;;;;;;;;;
;;;;;;;;;;;;;;;;;;;;;;;;;;;;;;;;;;;;;;;;;;;;;;;;;;;;;
;;;;;;;;;;;;;;;;;;;;;;;;;;;;;;;;;;;;;;;;;;;;;;;;;;;;;
;;;;;;;;;;;;;;;;;;;;;;;;;;;;;;;;;;;;;;;;;;;;;;;;;;;;;
;;;;;;;;;;;;;;;;;;;;;;;;;;;;;;;;;;;;;;;;;;;;;;;;;;;;;
;;;;;;;;;;;;;;;;;;;;;;;;;;;;;;;;;;;;;;;;;;;;;;;;;;;;;
;;;;;;;;;;;;;;;;;;;;;;;;;;;;;;;;;;;;;;;;;;;;;;;;;;;;;
;;;;;;;;;;;;;;;;;;;;;;;;;;;;;;;;;;;;;;;;;;;;;;;;;;;;;
;;;;;;;;;;;;;;;;;;;;;;;;;;;;;;;;;;;;;;;;;;;;;;;;;;;;;
;;;;;;;;;;;;;;;;;;;;;;;;;;;;;;;;;;;;;;;;;;;;;;;;;;;;;
;;;;;;;;;;;;;;;;;;;;;;;;;;;;;;;;;;;;;;;;;;;;;;;;;;;;;
;;;;;;;;;;;;;;;;;;;;;;;;;;;;;;;;;;;;;;;;;;;;;;;;;;;;;
;;;;;;;;;;;;;;;;;;;;;;;;;;;;;;;;;;;;;;;;;;;;;;;;;;;;;
;;;;;;;;;;;;;;;;;;;;;;;;;;;;;;;;;;;;;;;;;;;;;;;;;;;;;
;;;;;;;;;;;;;;;;;;;;;;;;;;;;;;;;;;;;;;;;;;;;;;;;;;;;;
;;;;;;;;;;;;;;;;;;;;;;;;;;;;;;;;;;;;;;;;;;;;;;;;;;;;;
;;;;;;;;;;;;;;;;;;;;;;;;;;;;;;;;;;;;;;;;;;;;;;;;;;;;;
;;;;;;;;;;;;;;;;;;;;;;;;;;;;;;;;;;;;;;;;;;;;;;;;;;;;;
;;;;;;;;;;;;;;;;;;;;;;;;;;;;;;;;;;;;;;;;;;;;;;;;;;;;;
;;;;;;;;;;;;;;;;;;;;;;;;;;;;;;;;;;;;;;;;;;;;;;;;;;;;;
;;;;;;;;;;;;;;;;;;;;;;;;;;;;;;;;;;;;;;;;;;;;;;;;;;;;;
;;;;;;;;;;;;;;;;;;;;;;;;;;;;;;;;;;;;;;;;;;;;;;;;;;;;;
;;;;;;;;;;;;;;;;;;;;;;;;;;;;;;;;;;;;;;;;;;;;;;;;;;;;;
;;;;;;;;;;;;;;;;;;;;;;;;;;;;;;;;;;;;;;;;;;;;;;;;;;;;;
;;;;;;;;;;;;;;;;;;;;;;;;;;;;;;;;;;;;;;;;;;;;;;;;;;;;;
;;;;;;;;;;;;;;;;;;;;;;;;;;;;;;;;;;;;;;;;;;;;;;;;;;;;;
;;;;;;;;;;;;;;;;;;;;;;;;;;;;;;;;;;;;;;;;;;;;;;;;;;;;;
;;;;;;;;;;;;;;;;;;;;;;;;;;;;;;;;;;;;;;;;;;;;;;;;;;;;;
;;;;;;;;;;;;;;;;;;;;;;;;;;;;;;;;;;;;;;;;;;;;;;;;;;;;;
;;;;;;;;;;;;;;;;;;;;;;;;;;;;;;;;;;;;;;;;;;;;;;;;;;;;;
;;;;;;;;;;;;;;;;;;;;;;;;;;;;;;;;;;;;;;;;;;;;;;;;;;;;;
;;;;;;;;;;;;;;;;;;;;;;;;;;;;;;;;;;;;;;;;;;;;;;;;;;;;;
;;;;;;;;;;;;;;;;;;;;;;;;;;;;;;;;;;;;;;;;;;;;;;;;;;;;;
;;;;;;;;;;;;;;;;;;;;;;;;;;;;;;;;;;;;;;;;;;;;;;;;;;;;;
;;;;;;;;;;;;;;;;;;;;;;;;;;;;;;;;;;;;;;;;;;;;;;;;;;;;;
;;;;;;;;;;;;;;;;;;;;;;;;;;;;;;;;;;;;;;;;;;;;;;;;;;;;;
;;;;;;;;;;;;;;;;;;;;;;;;;;;;;;;;;;;;;;;;;;;;;;;;;;;;;
;;;;;;;;;;;;;;;;;;;;;;;;;;;;;;;;;;;;;;;;;;;;;;;;;;;;;
;;;;;;;;;;;;;;;;;;;;;;;;;;;;;;;;;;;;;;;;;;;;;;;;;;;;;
;;;;;;;;;;;;;;;;;;;;;;;;;;;;;;;;;;;;;;;;;;;;;;;;;;;;;
;;;;;;;;;;;;;;;;;;;;;;;;;;;;;;;;;;;;;;;;;;;;;;;;;;;;;
;;;;;;;;;;;;;;;;;;;;;;;;;;;;;;;;;;;;;;;;;;;;;;;;;;;;;
;;;;;;;;;;;;;;;;;;;;;;;;;;;;;;;;;;;;;;;;;;;;;;;;;;;;;
;;;;;;;;;;;;;;;;;;;;;;;;;;;;;;;;;;;;;;;;;;;;;;;;;;;;;
;;;;;;;;;;;;;;;;;;;;;;;;;;;;;;;;;;;;;;;;;;;;;;;;;;;;;
;;;;;;;;;;;;;;;;;;;;;;;;;;;;;;;;;;;;;;;;;;;;;;;;;;;;;
;;;;;;;;;;;;;;;;;;;;;;;;;;;;;;;;;;;;;;;;;;;;;;;;;;;;;
;;;;;;;;;;;;;;;;;;;;;;;;;;;;;;;;;;;;;;;;;;;;;;;;;;;;;
;;;;;;;;;;;;;;;;;;;;;;;;;;;;;;;;;;;;;;;;;;;;;;;;;;;;;
;;;;;;;;;;;;;;;;;;;;;;;;;;;;;;;;;;;;;;;;;;;;;;;;;;;;;
;;;;;;;;;;;;;;;;;;;;;;;;;;;;;;;;;;;;;;;;;;;;;;;;;;;;;
;;;;;;;;;;;;;;;;;;;;;;;;;;;;;;;;;;;;;;;;;;;;;;;;;;;;;
;;;;;;;;;;;;;;;;;;;;;;;;;;;;;;;;;;;;;;;;;;;;;;;;;;;;;
;;;;;;;;;;;;;;;;;;;;;;;;;;;;;;;;;;;;;;;;;;;;;;;;;;;;;
;;;;;;;;;;;;;;;;;;;;;;;;;;;;;;;;;;;;;;;;;;;;;;;;;;;;;
;;;;;;;;;;;;;;;;;;;;;;;;;;;;;;;;;;;;;;;;;;;;;;;;;;;;;
;;;;;;;;;;;;;;;;;;;;;;;;;;;;;;;;;;;;;;;;;;;;;;;;;;;;;
;;;;;;;;;;;;;;;;;;;;;;;;;;;;;;;;;;;;;;;;;;;;;;;;;;;;;
;;;;;;;;;;;;;;;;;;;;;;;;;;;;;;;;;;;;;;;;;;;;;;;;;;;;;
;;;;;;;;;;;;;;;;;;;;;;;;;;;;;;;;;;;;;;;;;;;;;;;;;;;;;
;;;;;;;;;;;;;;;;;;;;;;;;;;;;;;;;;;;;;;;;;;;;;;;;;;;;;
;;;;;;;;;;;;;;;;;;;;;;;;;;;;;;;;;;;;;;;;;;;;;;;;;;;;;
;;;;;;;;;;;;;;;;;;;;;;;;;;;;;;;;;;;;;;;;;;;;;;;;;;;;;
;;;;;;;;;;;;;;;;;;;;;;;;;;;;;;;;;;;;;;;;;;;;;;;;;;;;;
;;;;;;;;;;;;;;;;;;;;;;;;;;;;;;;;;;;;;;;;;;;;;;;;;;;;;
;;;;;;;;;;;;;;;;;;;;;;;;;;;;;;;;;;;;;;;;;;;;;;;;;;;;;
;;;;;;;;;;;;;;;;;;;;;;;;;;;;;;;;;;;;;;;;;;;;;;;;;;;;;
;;;;;;;;;;;;;;;;;;;;;;;;;;;;;;;;;;;;;;;;;;;;;;;;;;;;;
;;;;;;;;;;;;;;;;;;;;;;;;;;;;;;;;;;;;;;;;;;;;;;;;;;;;;
;;;;;;;;;;;;;;;;;;;;;;;;;;;;;;;;;;;;;;;;;;;;;;;;;;;;;
;;;;;;;;;;;;;;;;;;;;;;;;;;;;;;;;;;;;;;;;;;;;;;;;;;;;;
;;;;;;;;;;;;;;;;;;;;;;;;;;;;;;;;;;;;;;;;;;;;;;;;;;;;;
;;;;;;;;;;;;;;;;;;;;;;;;;;;;;;;;;;;;;;;;;;;;;;;;;;;;;
;;;;;;;;;;;;;;;;;;;;;;;;;;;;;;;;;;;;;;;;;;;;;;;;;;;;;
;;;;;;;;;;;;;;;;;;;;;;;;;;;;;;;;;;;;;;;;;;;;;;;;;;;;;
;;;;;;;;;;;;;;;;;;;;;;;;;;;;;;;;;;;;;;;;;;;;;;;;;;;;;
;;;;;;;;;;;;;;;;;;;;;;;;;;;;;;;;;;;;;;;;;;;;;;;;;;;;;
;;;;;;;;;;;;;;;;;;;;;;;;;;;;;;;;;;;;;;;;;;;;;;;;;;;;;
;;;;;;;;;;;;;;;;;;;;;;;;;;;;;;;;;;;;;;;;;;;;;;;;;;;;;
;;;;;;;;;;;;;;;;;;;;;;;;;;;;;;;;;;;;;;;;;;;;;;;;;;;;;
;;;;;;;;;;;;;;;;;;;;;;;;;;;;;;;;;;;;;;;;;;;;;;;;;;;;;
;;;;;;;;;;;;;;;;;;;;;;;;;;;;;;;;;;;;;;;;;;;;;;;;;;;;;
;;;;;;;;;;;;;;;;;;;;;;;;;;;;;;;;;;;;;;;;;;;;;;;;;;;;;
;;;;;;;;;;;;;;;;;;;;;;;;;;;;;;;;;;;;;;;;;;;;;;;;;;;;;
;;;;;;;;;;;;;;;;;;;;;;;;;;;;;;;;;;;;;;;;;;;;;;;;;;;;;
;;;;;;;;;;;;;;;;;;;;;;;;;;;;;;;;;;;;;;;;;;;;;;;;;;;;;
;;;;;;;;;;;;;;;;;;;;;;;;;;;;;;;;;;;;;;;;;;;;;;;;;;;;;
;;;;;;;;;;;;;;;;;;;;;;;;;;;;;;;;;;;;;;;;;;;;;;;;;;;;;
;;;;;;;;;;;;;;;;;;;;;;;;;;;;;;;;;;;;;;;;;;;;;;;;;;;;;
;;;;;;;;;;;;;;;;;;;;;;;;;;;;;;;;;;;;;;;;;;;;;;;;;;;;;
;;;;;;;;;;;;;;;;;;;;;;;;;;;;;;;;;;;;;;;;;;;;;;;;;;;;;
;;;;;;;;;;;;;;;;;;;;;;;;;;;;;;;;;;;;;;;;;;;;;;;;;;;;;
;;;;;;;;;;;;;;;;;;;;;;;;;;;;;;;;;;;;;;;;;;;;;;;;;;;;;
;;;;;;;;;;;;;;;;;;;;;;;;;;;;;;;;;;;;;;;;;;;;;;;;;;;;;
;;;;;;;;;;;;;;;;;;;;;;;;;;;;;;;;;;;;;;;;;;;;;;;;;;;;;
;;;;;;;;;;;;;;;;;;;;;;;;;;;;;;;;;;;;;;;;;;;;;;;;;;;;;
;;;;;;;;;;;;;;;;;;;;;;;;;;;;;;;;;;;;;;;;;;;;;;;;;;;;;
;;;;;;;;;;;;;;;;;;;;;;;;;;;;;;;;;;;;;;;;;;;;;;;;;;;;;
;;;;;;;;;;;;;;;;;;;;;;;;;;;;;;;;;;;;;;;;;;;;;;;;;;;;;
;;;;;;;;;;;;;;;;;;;;;;;;;;;;;;;;;;;;;;;;;;;;;;;;;;;;;
;;;;;;;;;;;;;;;;;;;;;;;;;;;;;;;;;;;;;;;;;;;;;;;;;;;;;
;;;;;;;;;;;;;;;;;;;;;;;;;;;;;;;;;;;;;;;;;;;;;;;;;;;;;
;;;;;;;;;;;;;;;;;;;;;;;;;;;;;;;;;;;;;;;;;;;;;;;;;;;;;
;;;;;;;;;;;;;;;;;;;;;;;;;;;;;;;;;;;;;;;;;;;;;;;;;;;;;
;;;;;;;;;;;;;;;;;;;;;;;;;;;;;;;;;;;;;;;;;;;;;;;;;;;;;
;;;;;;;;;;;;;;;;;;;;;;;;;;;;;;;;;;;;;;;;;;;;;;;;;;;;;
;;;;;;;;;;;;;;;;;;;;;;;;;;;;;;;;;;;;;;;;;;;;;;;;;;;;;
;;;;;;;;;;;;;;;;;;;;;;;;;;;;;;;;;;;;;;;;;;;;;;;;;;;;;
;;;;;;;;;;;;;;;;;;;;;;;;;;;;;;;;;;;;;;;;;;;;;;;;;;;;;
;;;;;;;;;;;;;;;;;;;;;;;;;;;;;;;;;;;;;;;;;;;;;;;;;;;;;
;;;;;;;;;;;;;;;;;;;;;;;;;;;;;;;;;;;;;;;;;;;;;;;;;;;;;
;;;;;;;;;;;;;;;;;;;;;;;;;;;;;;;;;;;;;;;;;;;;;;;;;;;;;
;;;;;;;;;;;;;;;;;;;;;;;;;;;;;;;;;;;;;;;;;;;;;;;;;;;;;
;;;;;;;;;;;;;;;;;;;;;;;;;;;;;;;;;;;;;;;;;;;;;;;;;;;;;
;;;;;;;;;;;;;;;;;;;;;;;;;;;;;;;;;;;;;;;;;;;;;;;;;;;;;
;;;;;;;;;;;;;;;;;;;;;;;;;;;;;;;;;;;;;;;;;;;;;;;;;;;;;
;;;;;;;;;;;;;;;;;;;;;;;;;;;;;;;;;;;;;;;;;;;;;;;;;;;;;
;;;;;;;;;;;;;;;;;;;;;;;;;;;;;;;;;;;;;;;;;;;;;;;;;;;;;
;;;;;;;;;;;;;;;;;;;;;;;;;;;;;;;;;;;;;;;;;;;;;;;;;;;;;
;;;;;;;;;;;;;;;;;;;;;;;;;;;;;;;;;;;;;;;;;;;;;;;;;;;;;
;;;;;;;;;;;;;;;;;;;;;;;;;;;;;;;;;;;;;;;;;;;;;;;;;;;;;
;;;;;;;;;;;;;;;;;;;;;;;;;;;;;;;;;;;;;;;;;;;;;;;;;;;;;
;;;;;;;;;;;;;;;;;;;;;;;;;;;;;;;;;;;;;;;;;;;;;;;;;;;;;
;;;;;;;;;;;;;;;;;;;;;;;;;;;;;;;;;;;;;;;;;;;;;;;;;;;;;
;;;;;;;;;;;;;;;;;;;;;;;;;;;;;;;;;;;;;;;;;;;;;;;;;;;;;
;;;;;;;;;;;;;;;;;;;;;;;;;;;;;;;;;;;;;;;;;;;;;;;;;;;;;
;;;;;;;;;;;;;;;;;;;;;;;;;;;;;;;;;;;;;;;;;;;;;;;;;;;;;
;;;;;;;;;;;;;;;;;;;;;;;;;;;;;;;;;;;;;;;;;;;;;;;;;;;;;
;;;;;;;;;;;;;;;;;;;;;;;;;;;;;;;;;;;;;;;;;;;;;;;;;;;;;
;;;;;;;;;;;;;;;;;;;;;;;;;;;;;;;;;;;;;;;;;;;;;;;;;;;;;
;;;;;;;;;;;;;;;;;;;;;;;;;;;;;;;;;;;;;;;;;;;;;;;;;;;;;
;;;;;;;;;;;;;;;;;;;;;;;;;;;;;;;;;;;;;;;;;;;;;;;;;;;;;
;;;;;;;;;;;;;;;;;;;;;;;;;;;;;;;;;;;;;;;;;;;;;;;;;;;;;
;;;;;;;;;;;;;;;;;;;;;;;;;;;;;;;;;;;;;;;;;;;;;;;;;;;;;
;;;;;;;;;;;;;;;;;;;;;;;;;;;;;;;;;;;;;;;;;;;;;;;;;;;;;
;;;;;;;;;;;;;;;;;;;;;;;;;;;;;;;;;;;;;;;;;;;;;;;;;;;;;
;;;;;;;;;;;;;;;;;;;;;;;;;;;;;;;;;;;;;;;;;;;;;;;;;;;;;
;;;;;;;;;;;;;;;;;;;;;;;;;;;;;;;;;;;;;;;;;;;;;;;;;;;;;
;;;;;;;;;;;;;;;;;;;;;;;;;;;;;;;;;;;;;;;;;;;;;;;;;;;;;
;;;;;;;;;;;;;;;;;;;;;;;;;;;;;;;;;;;;;;;;;;;;;;;;;;;;;
;;;;;;;;;;;;;;;;;;;;;;;;;;;;;;;;;;;;;;;;;;;;;;;;;;;;;
;;;;;;;;;;;;;;;;;;;;;;;;;;;;;;;;;;;;;;;;;;;;;;;;;;;;;
;;;;;;;;;;;;;;;;;;;;;;;;;;;;;;;;;;;;;;;;;;;;;;;;;;;;;
;;;;;;;;;;;;;;;;;;;;;;;;;;;;;;;;;;;;;;;;;;;;;;;;;;;;;
;;;;;;;;;;;;;;;;;;;;;;;;;;;;;;;;;;;;;;;;;;;;;;;;;;;;;
;;;;;;;;;;;;;;;;;;;;;;;;;;;;;;;;;;;;;;;;;;;;;;;;;;;;;
;;;;;;;;;;;;;;;;;;;;;;;;;;;;;;;;;;;;;;;;;;;;;;;;;;;;;
;;;;;;;;;;;;;;;;;;;;;;;;;;;;;;;;;;;;;;;;;;;;;;;;;;;;;
;;;;;;;;;;;;;;;;;;;;;;;;;;;;;;;;;;;;;;;;;;;;;;;;;;;;;
;;;;;;;;;;;;;;;;;;;;;;;;;;;;;;;;;;;;;;;;;;;;;;;;;;;;;
;;;;;;;;;;;;;;;;;;;;;;;;;;;;;;;;;;;;;;;;;;;;;;;;;;;;;
;;;;;;;;;;;;;;;;;;;;;;;;;;;;;;;;;;;;;;;;;;;;;;;;;;;;;
;;;;;;;;;;;;;;;;;;;;;;;;;;;;;;;;;;;;;;;;;;;;;;;;;;;;;
;;;;;;;;;;;;;;;;;;;;;;;;;;;;;;;;;;;;;;;;;;;;;;;;;;;;;
;;;;;;;;;;;;;;;;;;;;;;;;;;;;;;;;;;;;;;;;;;;;;;;;;;;;;
;;;;;;;;;;;;;;;;;;;;;;;;;;;;;;;;;;;;;;;;;;;;;;;;;;;;;
;;;;;;;;;;;;;;;;;;;;;;;;;;;;;;;;;;;;;;;;;;;;;;;;;;;;;
;;;;;;;;;;;;;;;;;;;;;;;;;;;;;;;;;;;;;;;;;;;;;;;;;;;;;
;;;;;;;;;;;;;;;;;;;;;;;;;;;;;;;;;;;;;;;;;;;;;;;;;;;;;
;;;;;;;;;;;;;;;;;;;;;;;;;;;;;;;;;;;;;;;;;;;;;;;;;;;;;
;;;;;;;;;;;;;;;;;;;;;;;;;;;;;;;;;;;;;;;;;;;;;;;;;;;;;
;;;;;;;;;;;;;;;;;;;;;;;;;;;;;;;;;;;;;;;;;;;;;;;;;;;;;
;;;;;;;;;;;;;;;;;;;;;;;;;;;;;;;;;;;;;;;;;;;;;;;;;;;;;
;;;;;;;;;;;;;;;;;;;;;;;;;;;;;;;;;;;;;;;;;;;;;;;;;;;;;
;;;;;;;;;;;;;;;;;;;;;;;;;;;;;;;;;;;;;;;;;;;;;;;;;;;;;
;;;;;;;;;;;;;;;;;;;;;;;;;;;;;;;;;;;;;;;;;;;;;;;;;;;;;
;;;;;;;;;;;;;;;;;;;;;;;;;;;;;;;;;;;;;;;;;;;;;;;;;;;;;
;;;;;;;;;;;;;;;;;;;;;;;;;;;;;;;;;;;;;;;;;;;;;;;;;;;;;
;;;;;;;;;;;;;;;;;;;;;;;;;;;;;;;;;;;;;;;;;;;;;;;;;;;;;
;;;;;;;;;;;;;;;;;;;;;;;;;;;;;;;;;;;;;;;;;;;;;;;;;;;;;
;;;;;;;;;;;;;;;;;;;;;;;;;;;;;;;;;;;;;;;;;;;;;;;;;;;;;
;;;;;;;;;;;;;;;;;;;;;;;;;;;;;;;;;;;;;;;;;;;;;;;;;;;;;
;;;;;;;;;;;;;;;;;;;;;;;;;;;;;;;;;;;;;;;;;;;;;;;;;;;;;
;;;;;;;;;;;;;;;;;;;;;;;;;;;;;;;;;;;;;;;;;;;;;;;;;;;;;
;;;;;;;;;;;;;;;;;;;;;;;;;;;;;;;;;;;;;;;;;;;;;;;;;;;;;
;;;;;;;;;;;;;;;;;;;;;;;;;;;;;;;;;;;;;;;;;;;;;;;;;;;;;
;;;;;;;;;;;;;;;;;;;;;;;;;;;;;;;;;;;;;;;;;;;;;;;;;;;;;
;;;;;;;;;;;;;;;;;;;;;;;;;;;;;;;;;;;;;;;;;;;;;;;;;;;;;
;;;;;;;;;;;;;;;;;;;;;;;;;;;;;;;;;;;;;;;;;;;;;;;;;;;;;
;;;;;;;;;;;;;;;;;;;;;;;;;;;;;;;;;;;;;;;;;;;;;;;;;;;;;
;;;;;;;;;;;;;;;;;;;;;;;;;;;;;;;;;;;;;;;;;;;;;;;;;;;;;
;;;;;;;;;;;;;;;;;;;;;;;;;;;;;;;;;;;;;;;;;;;;;;;;;;;;;
;;;;;;;;;;;;;;;;;;;;;;;;;;;;;;;;;;;;;;;;;;;;;;;;;;;;;
;;;;;;;;;;;;;;;;;;;;;;;;;;;;;;;;;;;;;;;;;;;;;;;;;;;;;
;;;;;;;;;;;;;;;;;;;;;;;;;;;;;;;;;;;;;;;;;;;;;;;;;;;;;
;;;;;;;;;;;;;;;;;;;;;;;;;;;;;;;;;;;;;;;;;;;;;;;;;;;;;
;;;;;;;;;;;;;;;;;;;;;;;;;;;;;;;;;;;;;;;;;;;;;;;;;;;;;
;;;;;;;;;;;;;;;;;;;;;;;;;;;;;;;;;;;;;;;;;;;;;;;;;;;;;
;;;;;;;;;;;;;;;;;;;;;;;;;;;;;;;;;;;;;;;;;;;;;;;;;;;;;
;;;;;;;;;;;;;;;;;;;;;;;;;;;;;;;;;;;;;;;;;;;;;;;;;;;;;
;;;;;;;;;;;;;;;;;;;;;;;;;;;;;;;;;;;;;;;;;;;;;;;;;;;;;
;;;;;;;;;;;;;;;;;;;;;;;;;;;;;;;;;;;;;;;;;;;;;;;;;;;;;
;;;;;;;;;;;;;;;;;;;;;;;;;;;;;;;;;;;;;;;;;;;;;;;;;;;;;
;;;;;;;;;;;;;;;;;;;;;;;;;;;;;;;;;;;;;;;;;;;;;;;;;;;;;
;;;;;;;;;;;;;;;;;;;;;;;;;;;;;;;;;;;;;;;;;;;;;;;;;;;;;
;;;;;;;;;;;;;;;;;;;;;;;;;;;;;;;;;;;;;;;;;;;;;;;;;;;;;
;;;;;;;;;;;;;;;;;;;;;;;;;;;;;;;;;;;;;;;;;;;;;;;;;;;;;
;;;;;;;;;;;;;;;;;;;;;;;;;;;;;;;;;;;;;;;;;;;;;;;;;;;;;
;;;;;;;;;;;;;;;;;;;;;;;;;;;;;;;;;;;;;;;;;;;;;;;;;;;;;
;;;;;;;;;;;;;;;;;;;;;;;;;;;;;;;;;;;;;;;;;;;;;;;;;;;;;
;;;;;;;;;;;;;;;;;;;;;;;;;;;;;;;;;;;;;;;;;;;;;;;;;;;;;
;;;;;;;;;;;;;;;;;;;;;;;;;;;;;;;;;;;;;;;;;;;;;;;;;;;;;
;;;;;;;;;;;;;;;;;;;;;;;;;;;;;;;;;;;;;;;;;;;;;;;;;;;;;
;;;;;;;;;;;;;;;;;;;;;;;;;;;;;;;;;;;;;;;;;;;;;;;;;;;;;
;;;;;;;;;;;;;;;;;;;;;;;;;;;;;;;;;;;;;;;;;;;;;;;;;;;;;
;;;;;;;;;;;;;;;;;;;;;;;;;;;;;;;;;;;;;;;;;;;;;;;;;;;;;
;;;;;;;;;;;;;;;;;;;;;;;;;;;;;;;;;;;;;;;;;;;;;;;;;;;;;
;;;;;;;;;;;;;;;;;;;;;;;;;;;;;;;;;;;;;;;;;;;;;;;;;;;;;
;;;;;;;;;;;;;;;;;;;;;;;;;;;;;;;;;;;;;;;;;;;;;;;;;;;;;
;;;;;;;;;;;;;;;;;;;;;;;;;;;;;;;;;;;;;;;;;;;;;;;;;;;;;
;;;;;;;;;;;;;;;;;;;;;;;;;;;;;;;;;;;;;;;;;;;;;;;;;;;;;
;;;;;;;;;;;;;;;;;;;;;;;;;;;;;;;;;;;;;;;;;;;;;;;;;;;;;
;;;;;;;;;;;;;;;;;;;;;;;;;;;;;;;;;;;;;;;;;;;;;;;;;;;;;
;;;;;;;;;;;;;;;;;;;;;;;;;;;;;;;;;;;;;;;;;;;;;;;;;;;;;
;;;;;;;;;;;;;;;;;;;;;;;;;;;;;;;;;;;;;;;;;;;;;;;;;;;;;
;;;;;;;;;;;;;;;;;;;;;;;;;;;;;;;;;;;;;;;;;;;;;;;;;;;;;
;;;;;;;;;;;;;;;;;;;;;;;;;;;;;;;;;;;;;;;;;;;;;;;;;;;;;
;;;;;;;;;;;;;;;;;;;;;;;;;;;;;;;;;;;;;;;;;;;;;;;;;;;;;
;;;;;;;;;;;;;;;;;;;;;;;;;;;;;;;;;;;;;;;;;;;;;;;;;;;;;
;;;;;;;;;;;;;;;;;;;;;;;;;;;;;;;;;;;;;;;;;;;;;;;;;;;;;
;;;;;;;;;;;;;;;;;;;;;;;;;;;;;;;;;;;;;;;;;;;;;;;;;;;;;
;;;;;;;;;;;;;;;;;;;;;;;;;;;;;;;;;;;;;;;;;;;;;;;;;;;;;
;;;;;;;;;;;;;;;;;;;;;;;;;;;;;;;;;;;;;;;;;;;;;;;;;;;;;
;;;;;;;;;;;;;;;;;;;;;;;;;;;;;;;;;;;;;;;;;;;;;;;;;;;;;
;;;;;;;;;;;;;;;;;;;;;;;;;;;;;;;;;;;;;;;;;;;;;;;;;;;;;
;;;;;;;;;;;;;;;;;;;;;;;;;;;;;;;;;;;;;;;;;;;;;;;;;;;;;
;;;;;;;;;;;;;;;;;;;;;;;;;;;;;;;;;;;;;;;;;;;;;;;;;;;;;
;;;;;;;;;;;;;;;;;;;;;;;;;;;;;;;;;;;;;;;;;;;;;;;;;;;;;
;;;;;;;;;;;;;;;;;;;;;;;;;;;;;;;;;;;;;;;;;;;;;;;;;;;;;
;;;;;;;;;;;;;;;;;;;;;;;;;;;;;;;;;;;;;;;;;;;;;;;;;;;;;
;;;;;;;;;;;;;;;;;;;;;;;;;;;;;;;;;;;;;;;;;;;;;;;;;;;;;
;;;;;;;;;;;;;;;;;;;;;;;;;;;;;;;;;;;;;;;;;;;;;;;;;;;;;
;;;;;;;;;;;;;;;;;;;;;;;;;;;;;;;;;;;;;;;;;;;;;;;;;;;;;
;;;;;;;;;;;;;;;;;;;;;;;;;;;;;;;;;;;;;;;;;;;;;;;;;;;;;
;;;;;;;;;;;;;;;;;;;;;;;;;;;;;;;;;;;;;;;;;;;;;;;;;;;;;
;;;;;;;;;;;;;;;;;;;;;;;;;;;;;;;;;;;;;;;;;;;;;;;;;;;;;
;;;;;;;;;;;;;;;;;;;;;;;;;;;;;;;;;;;;;;;;;;;;;;;;;;;;;
;;;;;;;;;;;;;;;;;;;;;;;;;;;;;;;;;;;;;;;;;;;;;;;;;;;;;
;;;;;;;;;;;;;;;;;;;;;;;;;;;;;;;;;;;;;;;;;;;;;;;;;;;;;
;;;;;;;;;;;;;;;;;;;;;;;;;;;;;;;;;;;;;;;;;;;;;;;;;;;;;
;;;;;;;;;;;;;;;;;;;;;;;;;;;;;;;;;;;;;;;;;;;;;;;;;;;;;
;;;;;;;;;;;;;;;;;;;;;;;;;;;;;;;;;;;;;;;;;;;;;;;;;;;;;
;;;;;;;;;;;;;;;;;;;;;;;;;;;;;;;;;;;;;;;;;;;;;;;;;;;;;
;;;;;;;;;;;;;;;;;;;;;;;;;;;;;;;;;;;;;;;;;;;;;;;;;;;;;
;;;;;;;;;;;;;;;;;;;;;;;;;;;;;;;;;;;;;;;;;;;;;;;;;;;;;
;;;;;;;;;;;;;;;;;;;;;;;;;;;;;;;;;;;;;;;;;;;;;;;;;;;;;
;;;;;;;;;;;;;;;;;;;;;;;;;;;;;;;;;;;;;;;;;;;;;;;;;;;;;
;;;;;;;;;;;;;;;;;;;;;;;;;;;;;;;;;;;;;;;;;;;;;;;;;;;;;
;;;;;;;;;;;;;;;;;;;;;;;;;;;;;;;;;;;;;;;;;;;;;;;;;;;;;
;;;;;;;;;;;;;;;;;;;;;;;;;;;;;;;;;;;;;;;;;;;;;;;;;;;;;
;;;;;;;;;;;;;;;;;;;;;;;;;;;;;;;;;;;;;;;;;;;;;;;;;;;;;
;;;;;;;;;;;;;;;;;;;;;;;;;;;;;;;;;;;;;;;;;;;;;;;;;;;;;
;;;;;;;;;;;;;;;;;;;;;;;;;;;;;;;;;;;;;;;;;;;;;;;;;;;;;
;;;;;;;;;;;;;;;;;;;;;;;;;;;;;;;;;;;;;;;;;;;;;;;;;;;;;
;;;;;;;;;;;;;;;;;;;;;;;;;;;;;;;;;;;;;;;;;;;;;;;;;;;;;
;;;;;;;;;;;;;;;;;;;;;;;;;;;;;;;;;;;;;;;;;;;;;;;;;;;;;
;;;;;;;;;;;;;;;;;;;;;;;;;;;;;;;;;;;;;;;;;;;;;;;;;;;;;
;;;;;;;;;;;;;;;;;;;;;;;;;;;;;;;;;;;;;;;;;;;;;;;;;;;;;
;;;;;;;;;;;;;;;;;;;;;;;;;;;;;;;;;;;;;;;;;;;;;;;;;;;;;
;;;;;;;;;;;;;;;;;;;;;;;;;;;;;;;;;;;;;;;;;;;;;;;;;;;;;
;;;;;;;;;;;;;;;;;;;;;;;;;;;;;;;;;;;;;;;;;;;;;;;;;;;;;
;;;;;;;;;;;;;;;;;;;;;;;;;;;;;;;;;;;;;;;;;;;;;;;;;;;;;
;;;;;;;;;;;;;;;;;;;;;;;;;;;;;;;;;;;;;;;;;;;;;;;;;;;;;
;;;;;;;;;;;;;;;;;;;;;;;;;;;;;;;;;;;;;;;;;;;;;;;;;;;;;
;;;;;;;;;;;;;;;;;;;;;;;;;;;;;;;;;;;;;;;;;;;;;;;;;;;;;
;;;;;;;;;;;;;;;;;;;;;;;;;;;;;;;;;;;;;;;;;;;;;;;;;;;;;
;;;;;;;;;;;;;;;;;;;;;;;;;;;;;;;;;;;;;;;;;;;;;;;;;;;;;
;;;;;;;;;;;;;;;;;;;;;;;;;;;;;;;;;;;;;;;;;;;;;;;;;;;;;
;;;;;;;;;;;;;;;;;;;;;;;;;;;;;;;;;;;;;;;;;;;;;;;;;;;;;
;;;;;;;;;;;;;;;;;;;;;;;;;;;;;;;;;;;;;;;;;;;;;;;;;;;;;
;;;;;;;;;;;;;;;;;;;;;;;;;;;;;;;;;;;;;;;;;;;;;;;;;;;;;
;;;;;;;;;;;;;;;;;;;;;;;;;;;;;;;;;;;;;;;;;;;;;;;;;;;;;
;;;;;;;;;;;;;;;;;;;;;;;;;;;;;;;;;;;;;;;;;;;;;;;;;;;;;
;;;;;;;;;;;;;;;;;;;;;;;;;;;;;;;;;;;;;;;;;;;;;;;;;;;;;
;;;;;;;;;;;;;;;;;;;;;;;;;;;;;;;;;;;;;;;;;;;;;;;;;;;;;
;;;;;;;;;;;;;;;;;;;;;;;;;;;;;;;;;;;;;;;;;;;;;;;;;;;;;
;;;;;;;;;;;;;;;;;;;;;;;;;;;;;;;;;;;;;;;;;;;;;;;;;;;;;
;;;;;;;;;;;;;;;;;;;;;;;;;;;;;;;;;;;;;;;;;;;;;;;;;;;;;
;;;;;;;;;;;;;;;;;;;;;;;;;;;;;;;;;;;;;;;;;;;;;;;;;;;;;
;;;;;;;;;;;;;;;;;;;;;;;;;;;;;;;;;;;;;;;;;;;;;;;;;;;;;
;;;;;;;;;;;;;;;;;;;;;;;;;;;;;;;;;;;;;;;;;;;;;;;;;;;;;
;;;;;;;;;;;;;;;;;;;;;;;;;;;;;;;;;;;;;;;;;;;;;;;;;;;;;
;;;;;;;;;;;;;;;;;;;;;;;;;;;;;;;;;;;;;;;;;;;;;;;;;;;;;
;;;;;;;;;;;;;;;;;;;;;;;;;;;;;;;;;;;;;;;;;;;;;;;;;;;;;
;;;;;;;;;;;;;;;;;;;;;;;;;;;;;;;;;;;;;;;;;;;;;;;;;;;;;
;;;;;;;;;;;;;;;;;;;;;;;;;;;;;;;;;;;;;;;;;;;;;;;;;;;;;
;;;;;;;;;;;;;;;;;;;;;;;;;;;;;;;;;;;;;;;;;;;;;;;;;;;;;
;;;;;;;;;;;;;;;;;;;;;;;;;;;;;;;;;;;;;;;;;;;;;;;;;;;;;
;;;;;;;;;;;;;;;;;;;;;;;;;;;;;;;;;;;;;;;;;;;;;;;;;;;;;
;;;;;;;;;;;;;;;;;;;;;;;;;;;;;;;;;;;;;;;;;;;;;;;;;;;;;
;;;;;;;;;;;;;;;;;;;;;;;;;;;;;;;;;;;;;;;;;;;;;;;;;;;;;
;;;;;;;;;;;;;;;;;;;;;;;;;;;;;;;;;;;;;;;;;;;;;;;;;;;;;
;;;;;;;;;;;;;;;;;;;;;;;;;;;;;;;;;;;;;;;;;;;;;;;;;;;;;
;;;;;;;;;;;;;;;;;;;;;;;;;;;;;;;;;;;;;;;;;;;;;;;;;;;;;
;;;;;;;;;;;;;;;;;;;;;;;;;;;;;;;;;;;;;;;;;;;;;;;;;;;;;
;;;;;;;;;;;;;;;;;;;;;;;;;;;;;;;;;;;;;;;;;;;;;;;;;;;;;
;;;;;;;;;;;;;;;;;;;;;;;;;;;;;;;;;;;;;;;;;;;;;;;;;;;;;
;;;;;;;;;;;;;;;;;;;;;;;;;;;;;;;;;;;;;;;;;;;;;;;;;;;;;
;;;;;;;;;;;;;;;;;;;;;;;;;;;;;;;;;;;;;;;;;;;;;;;;;;;;;
;;;;;;;;;;;;;;;;;;;;;;;;;;;;;;;;;;;;;;;;;;;;;;;;;;;;;
;;;;;;;;;;;;;;;;;;;;;;;;;;;;;;;;;;;;;;;;;;;;;;;;;;;;;
;;;;;;;;;;;;;;;;;;;;;;;;;;;;;;;;;;;;;;;;;;;;;;;;;;;;;
;;;;;;;;;;;;;;;;;;;;;;;;;;;;;;;;;;;;;;;;;;;;;;;;;;;;;
;;;;;;;;;;;;;;;;;;;;;;;;;;;;;;;;;;;;;;;;;;;;;;;;;;;;;
;;;;;;;;;;;;;;;;;;;;;;;;;;;;;;;;;;;;;;;;;;;;;;;;;;;;;
;;;;;;;;;;;;;;;;;;;;;;;;;;;;;;;;;;;;;;;;;;;;;;;;;;;;;
;;;;;;;;;;;;;;;;;;;;;;;;;;;;;;;;;;;;;;;;;;;;;;;;;;;;;
;;;;;;;;;;;;;;;;;;;;;;;;;;;;;;;;;;;;;;;;;;;;;;;;;;;;;
;;;;;;;;;;;;;;;;;;;;;;;;;;;;;;;;;;;;;;;;;;;;;;;;;;;;;
;;;;;;;;;;;;;;;;;;;;;;;;;;;;;;;;;;;;;;;;;;;;;;;;;;;;;
;;;;;;;;;;;;;;;;;;;;;;;;;;;;;;;;;;;;;;;;;;;;;;;;;;;;;
;;;;;;;;;;;;;;;;;;;;;;;;;;;;;;;;;;;;;;;;;;;;;;;;;;;;;
;;;;;;;;;;;;;;;;;;;;;;;;;;;;;;;;;;;;;;;;;;;;;;;;;;;;;
;;;;;;;;;;;;;;;;;;;;;;;;;;;;;;;;;;;;;;;;;;;;;;;;;;;;;
;;;;;;;;;;;;;;;;;;;;;;;;;;;;;;;;;;;;;;;;;;;;;;;;;;;;;
;;;;;;;;;;;;;;;;;;;;;;;;;;;;;;;;;;;;;;;;;;;;;;;;;;;;;
;;;;;;;;;;;;;;;;;;;;;;;;;;;;;;;;;;;;;;;;;;;;;;;;;;;;;
;;;;;;;;;;;;;;;;;;;;;;;;;;;;;;;;;;;;;;;;;;;;;;;;;;;;;
;;;;;;;;;;;;;;;;;;;;;;;;;;;;;;;;;;;;;;;;;;;;;;;;;;;;;
;;;;;;;;;;;;;;;;;;;;;;;;;;;;;;;;;;;;;;;;;;;;;;;;;;;;;
;;;;;;;;;;;;;;;;;;;;;;;;;;;;;;;;;;;;;;;;;;;;;;;;;;;;;
;;;;;;;;;;;;;;;;;;;;;;;;;;;;;;;;;;;;;;;;;;;;;;;;;;;;;
;;;;;;;;;;;;;;;;;;;;;;;;;;;;;;;;;;;;;;;;;;;;;;;;;;;;;
;;;;;;;;;;;;;;;;;;;;;;;;;;;;;;;;;;;;;;;;;;;;;;;;;;;;;
;;;;;;;;;;;;;;;;;;;;;;;;;;;;;;;;;;;;;;;;;;;;;;;;;;;;;
;;;;;;;;;;;;;;;;;;;;;;;;;;;;;;;;;;;;;;;;;;;;;;;;;;;;;
;;;;;;;;;;;;;;;;;;;;;;;;;;;;;;;;;;;;;;;;;;;;;;;;;;;;;
;;;;;;;;;;;;;;;;;;;;;;;;;;;;;;;;;;;;;;;;;;;;;;;;;;;;;
;;;;;;;;;;;;;;;;;;;;;;;;;;;;;;;;;;;;;;;;;;;;;;;;;;;;;
;;;;;;;;;;;;;;;;;;;;;;;;;;;;;;;;;;;;;;;;;;;;;;;;;;;;;
;;;;;;;;;;;;;;;;;;;;;;;;;;;;;;;;;;;;;;;;;;;;;;;;;;;;;
;;;;;;;;;;;;;;;;;;;;;;;;;;;;;;;;;;;;;;;;;;;;;;;;;;;;;
;;;;;;;;;;;;;;;;;;;;;;;;;;;;;;;;;;;;;;;;;;;;;;;;;;;;;
;;;;;;;;;;;;;;;;;;;;;;;;;;;;;;;;;;;;;;;;;;;;;;;;;;;;;
;;;;;;;;;;;;;;;;;;;;;;;;;;;;;;;;;;;;;;;;;;;;;;;;;;;;;
;;;;;;;;;;;;;;;;;;;;;;;;;;;;;;;;;;;;;;;;;;;;;;;;;;;;;
;;;;;;;;;;;;;;;;;;;;;;;;;;;;;;;;;;;;;;;;;;;;;;;;;;;;;
;;;;;;;;;;;;;;;;;;;;;;;;;;;;;;;;;;;;;;;;;;;;;;;;;;;;;
;;;;;;;;;;;;;;;;;;;;;;;;;;;;;;;;;;;;;;;;;;;;;;;;;;;;;
;;;;;;;;;;;;;;;;;;;;;;;;;;;;;;;;;;;;;;;;;;;;;;;;;;;;;
;;;;;;;;;;;;;;;;;;;;;;;;;;;;;;;;;;;;;;;;;;;;;;;;;;;;;
;;;;;;;;;;;;;;;;;;;;;;;;;;;;;;;;;;;;;;;;;;;;;;;;;;;;;
;;;;;;;;;;;;;;;;;;;;;;;;;;;;;;;;;;;;;;;;;;;;;;;;;;;;;
;;;;;;;;;;;;;;;;;;;;;;;;;;;;;;;;;;;;;;;;;;;;;;;;;;;;;
;;;;;;;;;;;;;;;;;;;;;;;;;;;;;;;;;;;;;;;;;;;;;;;;;;;;;
;;;;;;;;;;;;;;;;;;;;;;;;;;;;;;;;;;;;;;;;;;;;;;;;;;;;;
;;;;;;;;;;;;;;;;;;;;;;;;;;;;;;;;;;;;;;;;;;;;;;;;;;;;;
;;;;;;;;;;;;;;;;;;;;;;;;;;;;;;;;;;;;;;;;;;;;;;;;;;;;;
;;;;;;;;;;;;;;;;;;;;;;;;;;;;;;;;;;;;;;;;;;;;;;;;;;;;;
;;;;;;;;;;;;;;;;;;;;;;;;;;;;;;;;;;;;;;;;;;;;;;;;;;;;;
;;;;;;;;;;;;;;;;;;;;;;;;;;;;;;;;;;;;;;;;;;;;;;;;;;;;;
;;;;;;;;;;;;;;;;;;;;;;;;;;;;;;;;;;;;;;;;;;;;;;;;;;;;;
;;;;;;;;;;;;;;;;;;;;;;;;;;;;;;;;;;;;;;;;;;;;;;;;;;;;;
;;;;;;;;;;;;;;;;;;;;;;;;;;;;;;;;;;;;;;;;;;;;;;;;;;;;;
;;;;;;;;;;;;;;;;;;;;;;;;;;;;;;;;;;;;;;;;;;;;;;;;;;;;;
;;;;;;;;;;;;;;;;;;;;;;;;;;;;;;;;;;;;;;;;;;;;;;;;;;;;;
;;;;;;;;;;;;;;;;;;;;;;;;;;;;;;;;;;;;;;;;;;;;;;;;;;;;;
;;;;;;;;;;;;;;;;;;;;;;;;;;;;;;;;;;;;;;;;;;;;;;;;;;;;;
;;;;;;;;;;;;;;;;;;;;;;;;;;;;;;;;;;;;;;;;;;;;;;;;;;;;;
;;;;;;;;;;;;;;;;;;;;;;;;;;;;;;;;;;;;;;;;;;;;;;;;;;;;;
;;;;;;;;;;;;;;;;;;;;;;;;;;;;;;;;;;;;;;;;;;;;;;;;;;;;;
;;;;;;;;;;;;;;;;;;;;;;;;;;;;;;;;;;;;;;;;;;;;;;;;;;;;;
;;;;;;;;;;;;;;;;;;;;;;;;;;;;;;;;;;;;;;;;;;;;;;;;;;;;;
;;;;;;;;;;;;;;;;;;;;;;;;;;;;;;;;;;;;;;;;;;;;;;;;;;;;;
;;;;;;;;;;;;;;;;;;;;;;;;;;;;;;;;;;;;;;;;;;;;;;;;;;;;;
;;;;;;;;;;;;;;;;;;;;;;;;;;;;;;;;;;;;;;;;;;;;;;;;;;;;;
;;;;;;;;;;;;;;;;;;;;;;;;;;;;;;;;;;;;;;;;;;;;;;;;;;;;;
;;;;;;;;;;;;;;;;;;;;;;;;;;;;;;;;;;;;;;;;;;;;;;;;;;;;;
;;;;;;;;;;;;;;;;;;;;;;;;;;;;;;;;;;;;;;;;;;;;;;;;;;;;;
;;;;;;;;;;;;;;;;;;;;;;;;;;;;;;;;;;;;;;;;;;;;;;;;;;;;;
;;;;;;;;;;;;;;;;;;;;;;;;;;;;;;;;;;;;;;;;;;;;;;;;;;;;;
;;;;;;;;;;;;;;;;;;;;;;;;;;;;;;;;;;;;;;;;;;;;;;;;;;;;;
;;;;;;;;;;;;;;;;;;;;;;;;;;;;;;;;;;;;;;;;;;;;;;;;;;;;;
;;;;;;;;;;;;;;;;;;;;;;;;;;;;;;;;;;;;;;;;;;;;;;;;;;;;;
;;;;;;;;;;;;;;;;;;;;;;;;;;;;;;;;;;;;;;;;;;;;;;;;;;;;;
;;;;;;;;;;;;;;;;;;;;;;;;;;;;;;;;;;;;;;;;;;;;;;;;;;;;;
;;;;;;;;;;;;;;;;;;;;;;;;;;;;;;;;;;;;;;;;;;;;;;;;;;;;;
;;;;;;;;;;;;;;;;;;;;;;;;;;;;;;;;;;;;;;;;;;;;;;;;;;;;;
;;;;;;;;;;;;;;;;;;;;;;;;;;;;;;;;;;;;;;;;;;;;;;;;;;;;;
;;;;;;;;;;;;;;;;;;;;;;;;;;;;;;;;;;;;;;;;;;;;;;;;;;;;;
;;;;;;;;;;;;;;;;;;;;;;;;;;;;;;;;;;;;;;;;;;;;;;;;;;;;;
;;;;;;;;;;;;;;;;;;;;;;;;;;;;;;;;;;;;;;;;;;;;;;;;;;;;;
;;;;;;;;;;;;;;;;;;;;;;;;;;;;;;;;;;;;;;;;;;;;;;;;;;;;;
;;;;;;;;;;;;;;;;;;;;;;;;;;;;;;;;;;;;;;;;;;;;;;;;;;;;;
;;;;;;;;;;;;;;;;;;;;;;;;;;;;;;;;;;;;;;;;;;;;;;;;;;;;;
;;;;;;;;;;;;;;;;;;;;;;;;;;;;;;;;;;;;;;;;;;;;;;;;;;;;;
;;;;;;;;;;;;;;;;;;;;;;;;;;;;;;;;;;;;;;;;;;;;;;;;;;;;;
;;;;;;;;;;;;;;;;;;;;;;;;;;;;;;;;;;;;;;;;;;;;;;;;;;;;;
;;;;;;;;;;;;;;;;;;;;;;;;;;;;;;;;;;;;;;;;;;;;;;;;;;;;;
;;;;;;;;;;;;;;;;;;;;;;;;;;;;;;;;;;;;;;;;;;;;;;;;;;;;;
;;;;;;;;;;;;;;;;;;;;;;;;;;;;;;;;;;;;;;;;;;;;;;;;;;;;;
;;;;;;;;;;;;;;;;;;;;;;;;;;;;;;;;;;;;;;;;;;;;;;;;;;;;;
;;;;;;;;;;;;;;;;;;;;;;;;;;;;;;;;;;;;;;;;;;;;;;;;;;;;;
;;;;;;;;;;;;;;;;;;;;;;;;;;;;;;;;;;;;;;;;;;;;;;;;;;;;;
;;;;;;;;;;;;;;;;;;;;;;;;;;;;;;;;;;;;;;;;;;;;;;;;;;;;;
;;;;;;;;;;;;;;;;;;;;;;;;;;;;;;;;;;;;;;;;;;;;;;;;;;;;;
;;;;;;;;;;;;;;;;;;;;;;;;;;;;;;;;;;;;;;;;;;;;;;;;;;;;;
;;;;;;;;;;;;;;;;;;;;;;;;;;;;;;;;;;;;;;;;;;;;;;;;;;;;;
;;;;;;;;;;;;;;;;;;;;;;;;;;;;;;;;;;;;;;;;;;;;;;;;;;;;;
;;;;;;;;;;;;;;;;;;;;;;;;;;;;;;;;;;;;;;;;;;;;;;;;;;;;;
;;;;;;;;;;;;;;;;;;;;;;;;;;;;;;;;;;;;;;;;;;;;;;;;;;;;;
