date,ecole,type ecole,latitude,longitude,prevision,reel,effectif,taux_grevistes,nos,ind,greves_manquantes,menu,ferie,veille_ferie,retour_ferie,vacances,retour_vacances,veille_vacances,inc_grippe,inc_gastro,inc_varicelle,inc_covid,fete_musulmane,ramadan,fete_chretienne,fete_juive,jour,semaine,mois,annee_scolaire,repas_noel,gaspillage_volume,gaspillage_pourcentage,porc,viande,poisson,4_premiers_jours,4_derniers_jours,Entrée,Plat,Accompagnement,Fromage,Dessert,Entrée Food Type,Plat Food Type,Accompagnement Food Type,Fromage Food Type,Dessert Food Type,Entrée_Bio,Plat_Bio,Accompagnement_Bio,Fromage_Bio,Dessert_Bio,affluence_reelle,affluence_reelle_predite,gaspillage_predit,gaspillage_predit_pourcentage
03/01/2023,AIME CESAIRE,Elementaires,48.651733,2.378185,-1.0,54.0,168,-1.0,-1.0,-1.0,-1.0,"['Carottes râpées','Lasagne ricotta épinards','Kiri / Babybel','Semoule au lait','Biscuit/Lait/Fruit']",0.0,0.0,0.0,0.0,1.0,0.0,291.0,120.0,12.0,291.0,0.0,0.0,0.0,0.0,mardi,1,Janvier,2022-2023,0.0,-1.0,0,0.0,0.0,-1.0,0.0,0.0,['Carottes râpées'],['Lasagne ricotta épinards'],-1,['Kiri / Babybel'],['Semoule au lait/Biscuit/Lait/Fruit'],-1,-1,-1.0,-1.0,-1.0,-1.0,-1.0,-1.0,-1.0,-1.0,54.0,54.8225,0.822499999999998,1.5002964111450554
05/01/2023,AIME CESAIRE,Elementaires,48.651733,2.378185,-1.0,54.0,168,-1.0,-1.0,-1.0,-1.0,"['Salade Iceberg et croutons','Sauté de veau forestier','Duo de courgettes','Emmental','Galette des rois','Galette bretonne/Lait/FruitGalette']",0.0,0.0,0.0,0.0,0.0,0.0,291.0,120.0,12.0,291.0,0.0,0.0,0.0,0.0,jeudi,1,Janvier,2022-2023,0.0,-1.0,0,0.0,1.0,-1.0,0.0,0.0,['Salade Iceberg et croutons'],['Sauté de veau forestier'],['Duo de courgettes'],['Emmental'],"['Galette des rois','Galette bretonne/Lait/FruitGalette']",-1,-1,-1.0,-1.0,-1.0,-1.0,-1.0,-1.0,-1.0,-1.0,54.0,54.7725,0.7725000000000009,1.4103792961796537
06/01/2023,AIME CESAIRE,Elementaires,48.651733,2.378185,-1.0,52.0,168,-1.0,-1.0,-1.0,-1.0,"['Filet de poulet sauce colombo','pommes noisette','petit suisse','orange','pain/fromage/jus de fruit']",0.0,0.0,0.0,0.0,0.0,0.0,291.0,120.0,12.0,291.0,0.0,0.0,0.0,0.0,vendredi,1,Janvier,2022-2023,0.0,-1.0,0,0.0,1.0,-1.0,0.0,0.0,-1,['Filet de poulet sauce colombo'],['pommes noisette'],['petit suisse'],"['orange','pain/fromage/jus de fruit']",-1,-1,-1.0,-1.0,-1.0,-1.0,-1.0,-1.0,-1.0,-1.0,52.0,54.0175,2.0174999999999983,3.734900726616371
09/01/2023,AIME CESAIRE,Elementaires,48.651733,2.378185,54.0,49.0,168,-1.0,-1.0,-1.0,-1.0,"['coeslaw','sauté d'agneau au romarin','pomme de terre haricots vers','mimolette','litchis','pain/fromage/jus de fruits']",0.0,0.0,0.0,0.0,0.0,0.0,196.0,107.0,10.0,196.0,0.0,0.0,0.0,0.0,lundi,2,Janvier,2022-2023,0.0,-1.0,0,0.0,1.0,-1.0,0.0,0.0,['coeslaw'],['sauté d'agneau au romarin'],['pomme de terre haricots vers'],['mimolette'],"['litchis','pain/fromage/jus de fruits']",-1,-1,-1.0,-1.0,-1.0,-1.0,-1.0,-1.0,-1.0,-1.0,49.0,51.8125,2.8125,5.42822677925211
10/01/2023,AIME CESAIRE,Elementaires,48.651733,2.378185,54.0,50.0,168,-1.0,-1.0,-1.0,-1.0,"['feuille de chêne','Croziflette aux poireaux et petits pois','St Paulin','pomme','Yaourt/nature/Biscuit']",0.0,0.0,0.0,0.0,0.0,0.0,196.0,107.0,10.0,196.0,0.0,0.0,0.0,0.0,mardi,2,Janvier,2022-2023,0.0,-1.0,0,0.0,0.0,-1.0,0.0,0.0,['feuille de chêne'],['Croziflette aux poireaux et petits pois'],"['St Paulin','pomme''Yaourt/nature/Biscuit']",-1,-1,-1,-1,-1.0,-1.0,-1.0,-1.0,-1.0,-1.0,-1.0,-1.0,50.0,52.64,2.6400000000000006,5.015197568389058
12/01/2023,AIME CESAIRE,Elementaires,48.651733,2.378185,54.0,58.0,168,-1.0,-1.0,-1.0,-1.0,"['Salade de lentilles','Bœuf bourguignon','Jeunes carottes','Coulommiers','Banane','Chaussons aux pommes/Lait']",0.0,0.0,0.0,0.0,0.0,0.0,196.0,107.0,10.0,196.0,0.0,0.0,0.0,0.0,jeudi,2,Janvier,2022-2023,0.0,-1.0,0,0.0,1.0,-1.0,0.0,0.0,"['Salade de lentilles','Bœuf bourguignon','Jeunes carottes','Coulommiers','Banane','Chaussons aux pommes/Lait']",-1,-1,-1,-1,-1,-1,-1.0,-1.0,-1.0,-1.0,-1.0,-1.0,-1.0,-1.0,58.0,56.7425,-1.2575000000000003,-2.216151914349915
13/01/2023,AIME CESAIRE,Elementaires,48.651733,2.378185,54.0,52.0,168,-1.0,-1.0,-1.0,-1.0,"['Salade verte et emmental cube','Dos de cabillaud','Riz trois grains','Petit suisse aromatisé','Pain/Fromage/Fruit']",0.0,0.0,0.0,0.0,0.0,0.0,196.0,107.0,10.0,196.0,0.0,0.0,0.0,0.0,vendredi,2,Janvier,2022-2023,0.0,-1.0,0,0.0,1.0,-1.0,0.0,0.0,['Velouté de potimarron et croutons'],['Escalope de dinde sauce basquaise'],['Boulgour'],['Petit suisse sucré'],"['Clémentine','Brioche aux pépites de chocolat/Lait']",-1,-1,-1.0,-1.0,-1.0,-1.0,-1.0,-1.0,-1.0,-1.0,52.0,53.085,1.0850000000000009,2.043891871526798
16/01/2023,AIME CESAIRE,Elementaires,48.651733,2.378185,58.0,56.0,168,-1.0,-1.0,-1.0,-1.0,"['Salade aux haricots rouges','Sauté de veau marengo','Poêlée gourmande aux pointes d'asperges','Fromage blanc','Poire','Pain/Fromage/Compote']",0.0,0.0,0.0,0.0,0.0,0.0,173.0,98.0,9.0,173.0,0.0,0.0,0.0,0.0,lundi,3,Janvier,2022-2023,0.0,-1.0,0,0.0,1.0,-1.0,0.0,0.0,['Salade aux haricots rouges'],['Sauté de veau marengo'],['Poêlée gourmande aux pointes d'asperges'],"['Fromage blanc','Poire','Pain/Fromage/Compote']",-1,-1,-1,-1.0,-1.0,-1.0,-1.0,-1.0,-1.0,-1.0,-1.0,56.0,56.7075,0.7075000000000031,1.247630383988014
17/01/2023,AIME CESAIRE,Elementaires,48.651733,2.378185,58.0,54.0,168,-1.0,-1.0,-1.0,-1.0,"['Cœur de laitue','Curry de légumes et patate douce et pois chiche','Trio de quinoa boulgour et blé','Pavé demi sel','Purée de fruits rouges','Pain/Pâte à tartiner/Lait']",0.0,0.0,0.0,0.0,0.0,0.0,173.0,98.0,9.0,173.0,0.0,0.0,0.0,0.0,mardi,3,Janvier,2022-2023,0.0,-1.0,0,0.0,0.0,-1.0,0.0,0.0,['Cœur de laitue'],['Curry de légumes et patate douce et pois chiche'],['Trio de quinoa boulgour et blé'],['Pavé demi sel'],"['Purée de fruits rouges','Pain/Pâte à tartiner/Lait']",-1,-1,-1.0,-1.0,-1.0,-1.0,-1.0,-1.0,-1.0,-1.0,54.0,55.31,1.3100000000000023,2.3684686313505736
20/01/2023,AIME CESAIRE,Elementaires,48.651733,2.378185,58.0,58.0,168,-1.0,-1.0,-1.0,-1.0,"['Poulet rôti au thym','Pommes de terre','Mimolette','Clémentine','Pain d'épices/Beurre']",0.0,0.0,0.0,0.0,0.0,0.0,173.0,98.0,9.0,173.0,0.0,0.0,0.0,0.0,vendredi,3,Janvier,2022-2023,0.0,-1.0,0,0.0,1.0,-1.0,0.0,0.0,-1,['Poulet rôti au thym'],['Pommes de terre'],['Mimolette'],"['Clémentine','Pain d'épices/Beurre']",-1,-1,-1.0,-1.0,-1.0,-1.0,-1.0,-1.0,-1.0,-1.0,58.0,57.5975,-0.4025000000000034,-0.6988150527366699
23/01/2023,AIME CESAIRE,Elementaires,48.651733,2.378185,58.0,58.0,168,-1.0,-1.0,-1.0,-1.0,"['Salade verte','Dos de cabillaud sauce','Gratin de pommes de terre et blettes','Edam','Arlequin de fruits','Céréales/Lait/Fruit']",0.0,0.0,0.0,0.0,0.0,0.0,183.0,125.0,9.0,183.0,0.0,0.0,0.0,0.0,lundi,4,Janvier,2022-2023,0.0,-1.0,0,0.0,0.0,-1.0,0.0,0.0,['Salade verte'],['Dos de cabillaud sauce'],['Gratin de pommes de terre et blettes'],"['Edam','Arlequin de fruits','Céréales/Lait/Fruit']",-1,-1,-1,-1.0,-1.0,-1.0,-1.0,-1.0,-1.0,-1.0,-1.0,58.0,58.0225,0.022500000000000853,0.038778060235255034
24/01/2023,AIME CESAIRE,Elementaires,48.651733,2.378185,58.0,60.0,168,-1.0,-1.0,-1.0,-1.0,"['Haricots verts','omelette au fromage','Purée de butternut','Petit suisse','Clémentine','Pain/Fromage']",0.0,0.0,0.0,0.0,0.0,0.0,183.0,125.0,9.0,183.0,0.0,0.0,0.0,0.0,mardi,4,Janvier,2022-2023,0.0,-1.0,0,0.0,1.0,-1.0,0.0,0.0,['Haricots verts'],['omelette au fromage'],['Purée de butternut'],['Petit suisse'],"['Clémentine','Pain/Fromage']",-1,-1,-1.0,-1.0,-1.0,-1.0,-1.0,-1.0,-1.0,-1.0,60.0,59.5775,-0.42249999999999943,-0.7091603373756862
26/01/2023,AIME CESAIRE,Elementaires,48.651733,2.378185,58.0,58.0,168,-1.0,-1.0,-1.0,-1.0,"['Sardine au citron','Sauté de porc / Chili végétarien','Riz','Purée de pommes','Petit suisse/Biscuit']",0.0,0.0,0.0,0.0,0.0,0.0,183.0,125.0,9.0,183.0,0.0,0.0,0.0,0.0,jeudi,4,Janvier,2022-2023,0.0,-1.0,0,1.0,1.0,-1.0,0.0,0.0,['Sardine au citron'],['Sauté de porc / Chili végétarien'],['Riz'],"['Purée de pommes','Petit suisse/Biscuit']",-1,-1,-1,-1.0,-1.0,-1.0,-1.0,-1.0,-1.0,-1.0,-1.0,58.0,57.41,-0.5900000000000034,-1.0276955234279803
27/01/2023,AIME CESAIRE,Elementaires,48.651733,2.378185,58.0,61.0,168,-1.0,-1.0,-1.0,-1.0,"['Endives vinaigrette','Estouffade de bœuf aux olives','Brocolis','St Nectaire','Semoule au lait','Brioche/Lait/Fruit']",0.0,0.0,0.0,0.0,0.0,0.0,183.0,125.0,9.0,183.0,0.0,0.0,0.0,0.0,vendredi,4,Janvier,2022-2023,0.0,-1.0,0,0.0,1.0,-1.0,0.0,0.0,['Endives vinaigrette'],['Estouffade de bœuf aux olives'],['Brocolis'],['St Nectaire'],"['Semoule au lait','Brioche/Lait/Fruit']",-1,-1,-1.0,-1.0,-1.0,-1.0,-1.0,-1.0,-1.0,-1.0,61.0,60.0775,-0.9224999999999994,-1.5355166243602005
30/01/2023,AIME CESAIRE,Elementaires,48.651733,2.378185,61.0,67.0,168,-1.0,-1.0,-1.0,-1.0,"['Avocat et Icberg ciselé','Filet de hoki meunière et citon','Purée de léugmes','Camembert','flan chocolat','Barre de céréales/Yahourt nature/Fruit']",0.0,0.0,0.0,0.0,0.0,0.0,230.0,128.0,9.0,230.0,0.0,0.0,0.0,0.0,lundi,5,Janvier,2022-2023,0.0,-1.0,0,0.0,1.0,-1.0,0.0,0.0,['Avocat et Icberg ciselé'],['Filet de hoki meunière et citon'],['Purée de léugmes'],['Camembert'],"['flan chocolat','Barre de céréales/Yahourt nature/Fruit']",-1,-1,-1.0,-1.0,-1.0,-1.0,-1.0,-1.0,-1.0,-1.0,67.0,63.85,-3.1499999999999986,-4.933437744714172
02/02/2023,AIME CESAIRE,Elementaires,48.651733,2.378185,61.0,58.0,168,-1.0,-1.0,-1.0,-1.0,"['Mesclun','Blanquette de veau','Haricots vert','Samos','Crèpe sucrée','Pain/Fromge/Fruit']",0.0,0.0,0.0,0.0,0.0,0.0,230.0,128.0,9.0,230.0,0.0,0.0,0.0,0.0,jeudi,5,Février,2022-2023,0.0,-1.0,0,0.0,1.0,-1.0,0.0,0.0,['Mesclun'],['Blanquette de veau'],['Haricots vert'],['Samos'],"['Crèpe sucrée','Pain/Fromge/Fruit']",-1,-1,-1.0,-1.0,-1.0,-1.0,-1.0,-1.0,-1.0,-1.0,58.0,58.61,0.6099999999999994,1.0407780242279465
03/02/2023,AIME CESAIRE,Elementaires,48.651733,2.378185,61.0,59.0,168,-1.0,-1.0,-1.0,-1.0,"['Filet de poulet à l'éstragon','Pomme rissolées','Cantal','Kiwi','pain au chocolat/Lait']",0.0,0.0,0.0,0.0,0.0,0.0,230.0,128.0,9.0,230.0,0.0,0.0,0.0,0.0,vendredi,5,Février,2022-2023,0.0,-1.0,0,0.0,1.0,-1.0,0.0,0.0,['Filet de poulet à l'éstragon'],['Pomme rissolées'],['Cantal'],"['Kiwi','pain au chocolat/Lait']",-1,-1,-1,-1.0,-1.0,-1.0,-1.0,-1.0,-1.0,-1.0,-1.0,59.0,58.1225,-0.8774999999999977,-1.5097423545098676
06/02/2023,AIME CESAIRE,Elementaires,48.651733,2.378185,67.0,60.0,168,-1.0,-1.0,-1.0,-1.0,"['Endive vinaigrette','Sauté de dinde','Courgette et pomme de terre','Bûche de chèvre','Riz au lait','Céréales/Lait/Fruit']",0.0,0.0,0.0,0.0,0.0,0.0,240.0,119.0,14.0,240.0,0.0,0.0,0.0,0.0,lundi,6,Février,2022-2023,0.0,-1.0,0,0.0,1.0,-1.0,0.0,0.0,['Endive vinaigrette'],['Sauté de dinde'],['Courgette et pomme de terre'],['Bûche de chèvre'],"['Riz au lait','Céréales/Lait/Fruit']",-1,-1,-1.0,-1.0,-1.0,-1.0,-1.0,-1.0,-1.0,-1.0,60.0,59.8725,-0.12749999999999773,-0.21295252411373788
07/02/2023,AIME CESAIRE,Elementaires,48.651733,2.378185,67.0,6.0,168,-1.0,-1.0,-1.0,-1.0,"['Coeur de laitue','Couscous végétarien aux fêves','Semoule','Cantal AOP','Purée p/pomme','Fromage blanc/Petit beurre/Fruit']",0.0,0.0,0.0,0.0,0.0,0.0,240.0,119.0,14.0,240.0,0.0,0.0,0.0,0.0,mardi,6,Février,2022-2023,0.0,-1.0,0,0.0,0.0,-1.0,0.0,0.0,['Coeur de laitue'],['Couscous végétarien aux fêves'],['Semoule'],['Cantal AOP'],"['Purée p/pomme','Fromage blanc/Petit beurre/Fruit']",-1,-1,-1.0,-1.0,-1.0,-1.0,-1.0,-1.0,-1.0,-1.0,6.0,14.855,8.855,59.60955907101986
09/02/2023,AIME CESAIRE,Elementaires,48.651733,2.378185,67.0,60.0,168,-1.0,-1.0,-1.0,-1.0,"['Salade de lentille','Carbonade flammande','Trio de fleurette','Petit suisse','Banane','Pain de mie/Beurre/Barre de chocolat']",0.0,0.0,0.0,0.0,0.0,0.0,240.0,119.0,14.0,240.0,0.0,0.0,0.0,0.0,jeudi,6,Février,2022-2023,0.0,-1.0,0,0.0,1.0,-1.0,0.0,0.0,['Salade de lentille'],['Carbonade flammande'],['Trio de fleurette'],['Petit suisse'],"['Banane','Pain de mie/Beurre/Barre de chocolat']",-1,-1,-1.0,-1.0,-1.0,-1.0,-1.0,-1.0,-1.0,-1.0,60.0,59.465,-0.5349999999999966,-0.8996888926259087
10/02/2023,AIME CESAIRE,Elementaires,48.651733,2.378185,67.0,59.0,168,-1.0,-1.0,-1.0,-1.0,"['Mâche et mimolette cube','Dos de Cabillaud à  l'aneth','Beignet','Poire','Pain/Fromage/jus de fruits']",0.0,0.0,0.0,0.0,0.0,0.0,240.0,119.0,14.0,240.0,0.0,0.0,0.0,0.0,vendredi,6,Février,2022-2023,0.0,-1.0,0,0.0,0.0,-1.0,0.0,0.0,['Mâche et mimolette cube'],['Dos de Cabillaud à  l'aneth'],-1,"['Beignet','Poire','Pain/Fromage/jus de fruits']",-1,-1,-1,-1.0,-1.0,-1.0,-1.0,-1.0,-1.0,-1.0,-1.0,59.0,58.2075,-0.7924999999999969,-1.3615083966842707
13/02/2023,AIME CESAIRE,Elementaires,48.651733,2.378185,60.0,63.0,168,-1.0,-1.0,-1.0,-1.0,"['Iceberg aux croutons','Saumon vapeur','Gratins poomme de terre blettes','Fromage blanc','arlquin de fruits','Pain au lait/fruit']",0.0,0.0,0.0,0.0,0.0,0.0,215.0,80.0,10.0,215.0,0.0,0.0,0.0,0.0,lundi,7,Février,2022-2023,0.0,-1.0,0,0.0,0.0,-1.0,0.0,0.0,"['Iceberg aux croutons'];['Saumon vapeur'];['Gratins poomme de terre blettes'];['Fromage blanc'];['arlquin de fruits','Pain au lait/fruit']",-1,-1,-1,-1,-1,-1,-1.0,-1.0,-1.0,-1.0,-1.0,-1.0,-1.0,-1.0,63.0,61.075,-1.9249999999999972,-3.151862464183376
14/02/2023,AIME CESAIRE,Elementaires,48.651733,2.378185,60.0,60.0,168,-1.0,-1.0,-1.0,-1.0,"['Carotte vinaigrette','Tajine de légumes','Boulgour','Gouda','Clémentine','Pain d'épice/Beurre/Jus de fruits']",0.0,0.0,0.0,0.0,0.0,0.0,215.0,80.0,10.0,215.0,0.0,0.0,0.0,0.0,mardi,7,Février,2022-2023,0.0,-1.0,0,0.0,0.0,-1.0,0.0,0.0,"['Carotte vinaigrette'];['Tajine de légumes'];['Boulgour'];['Gouda'];['Clémentine','Pain d'épice/Beurre/Jus de fruits']",-1,-1,-1,-1,-1,-1,-1.0,-1.0,-1.0,-1.0,-1.0,-1.0,-1.0,-1.0,60.0,59.5725,-0.427500000000002,-0.7176129925720794
17/02/2023,AIME CESAIRE,Elementaires,48.651733,2.378185,60.0,67.0,168,-1.0,-1.0,-1.0,-1.0,"['Boulettes d'agneau sauce tomate','Frites et ketchup','Babybel','Kiwi','Brownie/Lait']",0.0,0.0,0.0,0.0,0.0,1.0,215.0,80.0,10.0,215.0,0.0,0.0,0.0,0.0,vendredi,7,Février,2022-2023,0.0,-1.0,0,0.0,1.0,-1.0,0.0,0.0,";['Boulettes d'agneau sauce tomate'];['Frites et ketchup'];['Babybel'];['Kiwi','Brownie/Lait']",-1,-1,-1,-1,-1,-1,-1.0,-1.0,-1.0,-1.0,-1.0,-1.0,-1.0,-1.0,67.0,61.5975,-5.402500000000003,-8.77064815942206
06/03/2023,AIME CESAIRE,Elementaires,48.651733,2.378185,67.0,59.0,168,-1.0,-1.0,-1.0,-1.0,"['Bettrave','lasagne au saumon','St paulin','poire conférence','Lait/Céréales/Compote']",0.0,0.0,0.0,0.0,1.0,0.0,198.0,103.0,7.0,198.0,0.0,0.0,0.0,0.0,lundi,10,Mars,2022-2023,0.0,-1.0,0,0.0,0.0,-1.0,0.0,0.0,"['Bettrave'];['lasagne au saumon'];;['St paulin'];['poire conférence','Lait/Céréales/Compote']",-1,-1,-1,-1,-1,-1,-1.0,-1.0,-1.0,-1.0,-1.0,-1.0,-1.0,-1.0,59.0,58.86,-0.14000000000000057,-0.23785253143051405
09/03/2023,AIME CESAIRE,Elementaires,48.651733,2.378185,67.0,58.0,168,-1.0,-1.0,-1.0,-1.0,"['Carottes à l'orange','fillet de colin meunière','haricots verts','brie','beignet au chocolat','Pain au lait/Barre de chocolat/lait']",0.0,0.0,0.0,0.0,0.0,0.0,198.0,103.0,7.0,198.0,0.0,0.0,0.0,0.0,jeudi,10,Mars,2022-2023,0.0,-1.0,0,0.0,1.0,-1.0,0.0,0.0,"['Carottes à l'orange'];['fillet de colin meunière'];['haricots verts'];['brie'];['beignet au chocolat','Pain au lait/Barre de chocolat/lait']",-1,-1,-1,-1,-1,-1,-1.0,-1.0,-1.0,-1.0,-1.0,-1.0,-1.0,-1.0,58.0,59.7325,1.7325000000000017,2.9004310886033595
13/03/2023,AIME CESAIRE,Elementaires,48.651733,2.378185,59.0,58.0,168,-1.0,-1.0,-1.0,-1.0,"['Pomelos','Tajine de veau','Jeunes carottes','Gouda AOP','Riz au  lait','barre de céréales/fromage blanc/fruits']",0.0,0.0,0.0,0.0,0.0,0.0,195.0,88.0,7.0,195.0,0.0,0.0,0.0,0.0,lundi,11,Mars,2022-2023,0.0,-1.0,0,0.0,1.0,-1.0,0.0,0.0,"['Pomelos'];['Tajine de veau'];['Jeunes carottes'];['Gouda AOP'];['Riz au  lait','barre de céréales/fromage blanc/fruits']",-1,-1,-1,-1,-1,-1,-1.0,-1.0,-1.0,-1.0,-1.0,-1.0,-1.0,-1.0,58.0,58.165,0.16499999999999915,0.28367575002148915
14/03/2023,AIME CESAIRE,Elementaires,48.651733,2.378185,59.0,57.0,168,-1.0,-1.0,-1.0,-1.0,"['Comcombre','Curry de chou-fleur','Boulghour','petit moulé nature','arlequin de fruits','Pain de mie','Pâte à tartinre/lait']",0.0,0.0,0.0,0.0,0.0,0.0,195.0,88.0,7.0,195.0,0.0,0.0,0.0,0.0,mardi,11,Mars,2022-2023,0.0,-1.0,0,0.0,0.0,-1.0,0.0,0.0,"['Comcombre'];['Curry de chou-fleur'];['Boulghour'];['petit moulé nature'];['arlequin de fruits','Pain de mie','Pâte à tartinre/lait']",-1,-1,-1,-1,-1,-1,-1.0,-1.0,-1.0,-1.0,-1.0,-1.0,-1.0,-1.0,57.0,58.035,1.0349999999999966,1.7834065650038713
16/03/2023,AIME CESAIRE,Elementaires,48.651733,2.378185,59.0,60.0,168,-1.0,-1.0,-1.0,-1.0,"['Duo de choux','Filet de poisson sauce safrané','Gratin de pomme de terre blettes','Flan chocolat/ Flan vanille']",0.0,0.0,0.0,0.0,0.0,0.0,195.0,88.0,7.0,195.0,0.0,0.0,0.0,0.0,jeudi,11,Mars,2022-2023,0.0,-1.0,0,0.0,0.0,-1.0,0.0,0.0,['Duo de choux'];['Filet de poisson sauce safrané'];['Gratin de pomme de terre blettes'];;['Flan chocolat/ Flan vanille'],-1,-1,-1,-1,-1,-1,-1.0,-1.0,-1.0,-1.0,-1.0,-1.0,-1.0,-1.0,60.0,59.9075,-0.09250000000000114,-0.15440470725702315
17/03/2023,AIME CESAIRE,Elementaires,48.651733,2.378185,59.0,59.0,168,-1.0,-1.0,-1.0,-1.0,"['Sardine à la tomate','Sauté de porc aux haricot rouuges','Riz','Couloumiers','Kiwi','Croisssant/Lait']",0.0,0.0,0.0,0.0,0.0,0.0,195.0,88.0,7.0,195.0,0.0,0.0,0.0,0.0,vendredi,11,Mars,2022-2023,0.0,-1.0,0,1.0,1.0,-1.0,0.0,0.0,"['Sardine à la tomate'];['Sauté de porc aux haricot rouges'];['Riz'];['Couloumiers'];['Kiwi','Croisssant/Lait']",-1,-1,-1,-1,-1,-1,-1.0,-1.0,-1.0,-1.0,-1.0,-1.0,-1.0,-1.0,59.0,58.565,-0.4350000000000023,-0.7427644497566845
20/03/2023,AIME CESAIRE,Elementaires,48.651733,2.378185,60.0,58.0,168,-1.0,-1.0,-1.0,-1.0,"['Tomamtes aux maïs','Poulet basquaise','coquillette','Emmantal','Orange sanguine','Pain au lait/Miel/Lait']",0.0,0.0,0.0,0.0,0.0,0.0,195.0,96.0,16.0,195.0,0.0,0.0,0.0,0.0,lundi,12,Mars,2022-2023,0.0,-1.0,0,0.0,1.0,-1.0,0.0,0.0,"['Tomamtes aux maïs'];['Poulet basquaise'];['coquillette'];['Emmantal'];['Orange sanguine','Pain au lait/Miel/Lait']",-1,-1,-1,-1,-1,-1,-1.0,-1.0,-1.0,-1.0,-1.0,-1.0,-1.0,-1.0,58.0,57.5675,-0.43249999999999744,-0.7512919616102791
21/03/2023,AIME CESAIRE,Elementaires,48.651733,2.378185,60.0,61.0,168,-1.0,-1.0,-1.0,-1.0,"['Salade grecque','Riz espagnol aux fêve et abricot secs','Babybel','Purée Pomme/mangue','Céréales/Lait/Fruit']",0.0,0.0,0.0,0.0,0.0,0.0,195.0,96.0,16.0,195.0,0.0,0.0,0.0,0.0,mardi,12,Mars,2022-2023,0.0,-1.0,0,0.0,0.0,-1.0,0.0,0.0,"['Salade grecque'];['Riz espagnol aux fêve et abricot secs'];;['Babybel'];['Purée Pomme/mangue','Céréales/Lait/Fruit']",-1,-1,-1,-1,-1,-1,-1.0,-1.0,-1.0,-1.0,-1.0,-1.0,-1.0,-1.0,61.0,59.4925,-1.5075000000000003,-2.533932848678405
23/03/2023,AIME CESAIRE,Elementaires,48.651733,2.378185,60.0,40.0,168,-1.0,-1.0,-1.0,-1.0,"['Roti de veau sauceforestière','Pomme de terre sauté','Petit suisse nature','Banane','Pain/Fromage/Jus de fruit']",0.0,0.0,0.0,0.0,0.0,0.0,195.0,96.0,16.0,195.0,0.0,1.0,0.0,0.0,jeudi,12,Mars,2022-2023,0.0,-1.0,0,0.0,1.0,-1.0,0.0,0.0,";['Roti de veau sauceforestière'];['Pomme de terre sauté'];['Petit suisse nature'];['Banane','Pain/Fromage/Jus de fruit']",-1,-1,-1,-1,-1,-1,-1.0,-1.0,-1.0,-1.0,-1.0,-1.0,-1.0,-1.0,40.0,47.2625,7.262500000000003,15.36630521026184
24/03/2023,AIME CESAIRE,Elementaires,48.651733,2.378185,60.0,58.0,168,-1.0,-1.0,-1.0,-1.0,"['Comcombre vinaigrette','filet de hoki sauce provençale','Purée créry','Edam','Flanpaarisien','Bisciut/Lait/fuit']",0.0,0.0,0.0,0.0,0.0,0.0,195.0,96.0,16.0,195.0,0.0,1.0,0.0,0.0,vendredi,12,Mars,2022-2023,0.0,-1.0,0,0.0,1.0,-1.0,0.0,0.0,"['Comcombre vinaigrette'];['filet de hoki sauce provençale'];['Purée créry'];['Edam'];['Flanpaarisien','Bisciut/Lait/fuit']",-1,-1,-1,-1,-1,-1,-1.0,-1.0,-1.0,-1.0,-1.0,-1.0,-1.0,-1.0,58.0,57.9125,-0.08749999999999858,-0.15109000647528353
27/03/2023,AIME CESAIRE,Elementaires,48.651733,2.378185,61.0,49.0,168,-1.0,-1.0,-1.0,-1.0,"['Mâche et radis rapé','saucisse de volaile','Lenilles','Compté AOP','Purée trois fruits','Brownie/Lait/Fruit']",0.0,0.0,0.0,0.0,0.0,0.0,180.0,86.0,20.0,180.0,0.0,1.0,0.0,0.0,lundi,13,Mars,2022-2023,0.0,-1.0,0,0.0,0.0,-1.0,0.0,0.0,"['Mâche et radis rapé'];['saucisse de volaile'];['Lenilles'];['Compté AOP'];['Purée trois fruits','Brownie/Lait/Fruit']",-1,-1,-1,-1,-1,-1,-1.0,-1.0,-1.0,-1.0,-1.0,-1.0,-1.0,-1.0,49.0,52.1,3.1000000000000014,5.95009596928983
30/03/2023,AIME CESAIRE,Elementaires,48.651733,2.378185,61.0,60.0,168,-1.0,-1.0,-1.0,-1.0,"['Salade verte bio','Boeuf strogonoff','Beignet de brocolis','Brie','Kiwi','Madelaine','Lait/jus de fruits']",0.0,0.0,0.0,0.0,0.0,0.0,180.0,86.0,20.0,180.0,0.0,1.0,0.0,0.0,jeudi,13,Mars,2022-2023,0.0,-1.0,0,0.0,1.0,-1.0,0.0,0.0,"['Salade verte bio','Boeuf strogonoff','Beignet de brocolis','Brie','Kiwi','Madelaine','Lait/jus de fruits']",-1,-1,-1,-1,-1,-1,-1.0,-1.0,-1.0,-1.0,-1.0,-1.0,-1.0,-1.0,60.0,58.8975,-1.1024999999999991,-1.871896090665986
31/03/2023,AIME CESAIRE,Elementaires,48.651733,2.378185,61.0,60.0,168,-1.0,-1.0,-1.0,-1.0,"['concombre basilic','Saumoon à la crème','Pomme de terre et épinard à la cème','fan nappé caramel','pain/fromage/duit']",0.0,0.0,0.0,0.0,0.0,0.0,180.0,86.0,20.0,180.0,0.0,1.0,0.0,0.0,vendredi,13,Mars,2022-2023,0.0,-1.0,0,0.0,0.0,-1.0,0.0,0.0,"['concombre basilic','Saumoon à la crème','Pomme de terre et épinard à la cème','fan nappé caramel','pain/fromage/duit']",-1,-1,-1,-1,-1,-1,-1.0,-1.0,-1.0,-1.0,-1.0,-1.0,-1.0,-1.0,60.0,53.445,-6.555,-12.26494527083918
03/04/2023,AIME CESAIRE,Elementaires,48.651733,2.378185,60.0,58.0,168,-1.0,-1.0,-1.0,-1.0,"['Avocat et salade verte/radis beurre demi-sel','Estouffade de veau aux haricots blancs/pommes duchesse','Cubes de poisson pest/Riz','Edam/Emmental','Arlequin de fruits/Cubes de pêche','Lait/céréales/fruits""]",0.0,0.0,0.0,0.0,0.0,0.0,148.0,75.0,23.0,148.0,0.0,1.0,0.0,0.0,lundi,14,Avril,2022-2023,0.0,-1.0,0,1.0,1.0,-1.0,0.0,0.0,"['Avocat et salade verte/radis beurre demi-sel','Estouffade de veau aux haricots blancs/pommes duchesse','Cubes de poisson pest/Riz','Edam/Emmental','Arlequin de fruits/Cubes de pêche','Lait/céréales/fruits""]",-1,-1,-1,-1,-1,-1,-1.0,-1.0,-1.0,-1.0,-1.0,-1.0,-1.0,-1.0,58.0,56.89,-1.1099999999999994,-1.9511337669186137
04/04/2023,AIME CESAIRE,Elementaires,48.651733,2.378185,60.0,58.0,168,-1.0,-1.0,-1.0,-1.0,"['Lentilles à la grecque/salade de pois chiche à la fêta','Pizza aux légumes du soleil','Salade','Petit suisse/Yaourt nature','Poire crassanne/Pomme Golden','Pain/Beurre/Confiture']",0.0,0.0,0.0,0.0,0.0,0.0,148.0,75.0,23.0,148.0,0.0,1.0,0.0,0.0,mardi,14,Avril,2022-2023,0.0,-1.0,0,0.0,0.0,-1.0,0.0,0.0,"['Lentilles à la grecque/salade de pois chiche à la fêta','Pizza aux légumes du soleil','Salade','Petit suisse/Yaourt nature','Poire crassanne/Pomme Golden','Pain/Beurre/Confiture']",-1,-1,-1,-1,-1,-1,-1.0,-1.0,-1.0,-1.0,-1.0,-1.0,-1.0,-1.0,58.0,56.4475,-1.552500000000002,-2.7503432392931524
06/04/2023,AIME CESAIRE,Elementaires,48.651733,2.378185,60.0,6.0,168,-1.0,-1.0,-1.0,-1.0,"['Concombre à la ciboulette/Endives au bleu','Filet de cabillaud à l'italienne','Pätes fermières de l'Essonne','Yaourt aromatisé/Fromage blanc aromatisé']",0.0,0.0,0.0,0.0,0.0,0.0,148.0,75.0,23.0,148.0,0.0,1.0,0.0,1.0,jeudi,14,Avril,2022-2023,0.0,-1.0,0,0.0,0.0,-1.0,0.0,0.0,"['Concombre à la ciboulette/Endives au bleu','Filet de cabillaud à l'italienne','Pätes fermières de l'Essonne','Yaourt aromatisé/Fromage blanc aromatisé']",-1,-1,-1,-1,-1,-1,-1.0,-1.0,-1.0,-1.0,-1.0,-1.0,-1.0,-1.0,6.0,24.43,18.43,75.440032746623
07/04/2023,AIME CESAIRE,Elementaires,48.651733,2.378185,60.0,60.0,168,-1.0,-1.0,-1.0,-1.0,"['Feuille de chêne/Coleslaw','Roti de porc sauce moutarde/purée de légumes/Omelette','Comté AOP/Gouda IGP','Kiwi/Banane','Chausson aux pommes/Lait']",0.0,0.0,0.0,0.0,0.0,0.0,148.0,75.0,23.0,148.0,0.0,1.0,1.0,1.0,vendredi,14,Avril,2022-2023,0.0,-1.0,0,0.0,0.0,-1.0,0.0,0.0,"['Feuille de chêne/Coleslaw','Roti de porc sauce moutarde/purée de légumes/Omelette','Comté AOP/Gouda IGP','Kiwi/Banane','Chausson aux pommes/Lait']",-1,-1,-1,-1,-1,-1,-1.0,-1.0,-1.0,-1.0,-1.0,-1.0,-1.0,-1.0,60.0,57.82,-2.1799999999999997,-3.770321687997232
11/04/2023,AIME CESAIRE,Elementaires,48.651733,2.378185,60.0,60.0,168,-1.0,-1.0,-1.0,-1.0,"['Concombre vinaigrette/Coeur de laitue','Curry de légumes','Riz trois grains','Cantal AOP/St nectaire AOP','Chocolat de Paques/Patisserie','Biscuit/Lait/Fruit']",0.0,0.0,1.0,0.0,0.0,0.0,125.0,72.0,21.0,125.0,0.0,1.0,0.0,1.0,mardi,15,Avril,2022-2023,0.0,-1.0,0,1.0,1.0,-1.0,0.0,0.0,"['Concombre vinaigrette/Coeur de laitue','Curry de légumes','Riz trois grains','Cantal AOP/St nectaire AOP','Chocolat de Paques/Patisserie','Biscuit/Lait/Fruit']",-1,-1,-1,-1,-1,-1,-1.0,-1.0,-1.0,-1.0,-1.0,-1.0,-1.0,-1.0,60.0,58.0475,-1.9525000000000006,-3.363624617769931
13/04/2023,AIME CESAIRE,Elementaires,48.651733,2.378185,60.0,12.0,168,-1.0,-1.0,-1.0,-1.0,"['Carottes rapées/Céleri rémoulade','Filet de hoki meunière et citron','Brocolis à la crème','Camembert/Brie','Riz au lait/Gâteau de semoule','Pain au lait/Lait/Fruit']",0.0,0.0,0.0,0.0,0.0,0.0,125.0,72.0,21.0,125.0,0.0,1.0,0.0,1.0,jeudi,15,Avril,2022-2023,0.0,-1.0,0,0.0,1.0,-1.0,0.0,0.0,"['Carottes rapées/Céleri rémoulade','Filet de hoki meunière et citron','Brocolis à la crème','Camembert/Brie','Riz au lait/Gâteau de semoule','Pain au lait/Lait/Fruit']",-1,-1,-1,-1,-1,-1,-1.0,-1.0,-1.0,-1.0,-1.0,-1.0,-1.0,-1.0,12.0,18.7825,6.782499999999999,36.110741381605216
14/04/2023,AIME CESAIRE,Elementaires,48.651733,2.378185,60.0,50.0,168,-1.0,-1.0,-1.0,-1.0,"['Poulet rôti aux épices/pommes de terre noisette/Emincé végétale sauce aigre douce','Fromage blanc/Petit suisse','Kiwi/Pomme Golden','Pain/Fromage/Compote']",0.0,0.0,0.0,0.0,0.0,0.0,125.0,72.0,21.0,125.0,0.0,1.0,0.0,0.0,vendredi,15,Avril,2022-2023,0.0,-1.0,0,0.0,0.0,-1.0,0.0,0.0,"['Poulet rôti aux épices/pommes de terre noisette/Emincé végétale sauce aigre douce','Fromage blanc/Petit suisse','Kiwi/Pomme Golden','Pain/Fromage/Compote']",-1,-1,-1,-1,-1,-1,-1.0,-1.0,-1.0,-1.0,-1.0,-1.0,-1.0,-1.0,50.0,52.12,2.1199999999999974,4.0675364543361425
17/04/2023,AIME CESAIRE,Elementaires,48.651733,2.378185,60.0,60.0,168,-1.0,-1.0,-1.0,-1.0,"['Salade de pommes de terre/Taboulé','Boeuf Bourguignon/Duo de haricots/Filet de colin sauce aneth/Epinard','Buche de chèvre/Coulommiers','Pomme Granny/Poire conférence','Barre de céréales/fromage blanc/Jus de fruit']",0.0,0.0,0.0,0.0,0.0,0.0,102.0,70.0,17.0,102.0,0.0,1.0,0.0,0.0,lundi,16,Avril,2022-2023,0.0,-1.0,0,0.0,1.0,-1.0,0.0,0.0,"['Salade de pommes de terre/Taboulé','Boeuf Bourguignon/Duo de haricots/Filet de colin sauce aneth/Epinard','Buche de chèvre/Coulommiers','Pomme Granny/Poire conférence','Barre de céréales/fromage blanc/Jus de fruit']",-1,-1,-1,-1,-1,-1,-1.0,-1.0,-1.0,-1.0,-1.0,-1.0,-1.0,-1.0,60.0,59.53,-0.46999999999999886,-0.7895178901394236
18/04/2023,AIME CESAIRE,Elementaires,48.651733,2.378185,60.0,59.0,168,-1.0,-1.0,-1.0,-1.0,"['Pomelos/Avocat','Tajine de légumes','Semoule','Tome/St Paulin','Purée pommes-cassis/Purée de pommes','Céréales/Lait/Fruits']",0.0,0.0,0.0,0.0,0.0,0.0,102.0,70.0,17.0,102.0,0.0,1.0,0.0,0.0,mardi,16,Avril,2022-2023,0.0,-1.0,0,0.0,0.0,-1.0,0.0,0.0,"['Pomelos/Avocat','Tajine de légumes','Semoule','Tome/St Paulin','Purée pommes-cassis/Purée de pommes','Céréales/Lait/Fruits']",-1,-1,-1,-1,-1,-1,-1.0,-1.0,-1.0,-1.0,-1.0,-1.0,-1.0,-1.0,59.0,58.43,-0.5700000000000003,-0.9755262707513269
21/04/2023,AIME CESAIRE,Elementaires,48.651733,2.378185,60.0,22.0,168,-1.0,-1.0,-1.0,-1.0,"['Concombre à la crème/Carotte au citron','Filet de Hoki','Purée de légumes','Compote','Pain/fromage/Fruit']",0.0,0.0,0.0,0.0,0.0,1.0,102.0,70.0,17.0,102.0,1.0,0.0,0.0,0.0,vendredi,16,Avril,2022-2023,0.0,-1.0,0,0.0,1.0,-1.0,0.0,0.0,"['Concombre à la crème/Carotte au citron','Filet de Hoki','Purée de légumes','Compote','Pain/fromage/Fruit']",-1,-1,-1,-1,-1,-1,-1.0,-1.0,-1.0,-1.0,-1.0,-1.0,-1.0,-1.0,22.0,35.5675,13.567500000000003,38.145779152316024
09/05/2023,AIME CESAIRE,Elementaires,48.651733,2.378185,60.0,52.0,168,-1.0,-1.0,-1.0,-1.0,"['Concombres vinaigrette','Lasagne ricotta épinards','Bûche de chèvre','Purée de pêche','biuscuit/lait/fruit']",0.0,0.0,1.0,0.0,0.0,0.0,73.0,56.0,14.0,73.0,0.0,0.0,0.0,0.0,mardi,19,Mai,2022-2023,0.0,-1.0,0,0.0,1.0,-1.0,0.0,0.0,"['Concombres vinaigrette','Lasagne ricotta épinards','Bûche de chèvre','Purée de pêche','biuscuit/lait/fruit']",-1,-1,-1,-1,-1,-1,-1.0,-1.0,-1.0,-1.0,-1.0,-1.0,-1.0,-1.0,52.0,53.6175,1.6174999999999997,3.016738937846785
11/05/2023,AIME CESAIRE,Elementaires,48.651733,2.378185,60.0,56.0,168,-1.0,-1.0,-1.0,-1.0,"['Sauté de porc aux harcots rouge/curry de haricots rouge','Riz','fromage blanc','fraises','pain/fromage/fruits']",0.0,0.0,0.0,0.0,0.0,0.0,73.0,56.0,14.0,73.0,0.0,0.0,0.0,0.0,jeudi,19,Mai,2022-2023,0.0,-1.0,0,0.0,0.0,-1.0,0.0,0.0,"['Sauté de porc aux harcots rouge/curry de haricots rouge','Riz','fromage blanc','fraises','pain/fromage/fruits']",-1,-1,-1,-1,-1,-1,-1.0,-1.0,-1.0,-1.0,-1.0,-1.0,-1.0,-1.0,56.0,53.995,-2.0050000000000026,-3.7133067876655295
12/05/2023,AIME CESAIRE,Elementaires,48.651733,2.378185,60.0,54.0,168,-1.0,-1.0,-1.0,-1.0,"['tomates échalotes','filet de meunière citron','Haricots verts','Kiri','tartes aux pooires','pain au chocoat']",0.0,0.0,0.0,0.0,0.0,0.0,73.0,56.0,14.0,73.0,0.0,0.0,0.0,0.0,vendredi,19,Mai,2022-2023,0.0,-1.0,0,0.0,0.0,-1.0,0.0,0.0,"['tomates échalotes','filet de meunière citron','Haricots verts','Kiri','tartes aux pooires','pain au chocoat']",-1,-1,-1,-1,-1,-1,-1.0,-1.0,-1.0,-1.0,-1.0,-1.0,-1.0,-1.0,54.0,55.1175,1.1174999999999997,2.027486732888828
15/05/2023,AIME CESAIRE,Elementaires,48.651733,2.378185,60.0,59.0,168,-1.0,-1.0,-1.0,-1.0,"['Salade Iceberg et radis rondelles','Steak haché à la tomate','Petits pois carottes','Mimolette','Biscuit/Yaourt nature/Compote']",0.0,0.0,0.0,0.0,0.0,0.0,67.0,49.0,14.0,67.0,0.0,0.0,0.0,0.0,lundi,20,Mai,2022-2023,0.0,-1.0,0,0.0,1.0,-1.0,0.0,0.0,"['Salade Iceberg et radis rondelles','Steak haché à la tomate','Petits pois carottes','Mimolette','Biscuit/Yaourt nature/Compote']",-1,-1,-1,-1,-1,-1,-1.0,-1.0,-1.0,-1.0,-1.0,-1.0,-1.0,-1.0,59.0,57.82,-1.1799999999999997,-2.040816326530612
16/05/2023,AIME CESAIRE,Elementaires,48.651733,2.378185,60.0,54.0,168,-1.0,-1.0,-1.0,-1.0,"['Cœurs de palmier vinaigrette','Mafé végétarien','Blé','Gouda IGP','Gouda IGP','Céréales/Lait/Fruit']",0.0,0.0,0.0,0.0,0.0,0.0,67.0,49.0,14.0,67.0,0.0,0.0,0.0,0.0,mardi,20,Mai,2022-2023,0.0,-1.0,0,1.0,1.0,-1.0,0.0,0.0,"['Cœurs de palmier vinaigrette','Mafé végétarien','Blé','Gouda IGP','Gouda IGP','Céréales/Lait/Fruit']",-1,-1,-1,-1,-1,-1,-1.0,-1.0,-1.0,-1.0,-1.0,-1.0,-1.0,-1.0,54.0,54.165,0.16499999999999915,0.30462475768485026
22/05/2023,AIME CESAIRE,Elementaires,48.651733,2.378185,60.0,60.0,168,-1.0,-1.0,-1.0,-1.0,"['Saumon à la crème','Pommes noisettes','Fromage blanc','Pomme','pain/fromage/Compote']",0.0,0.0,0.0,0.0,0.0,0.0,73.0,49.0,17.0,73.0,0.0,0.0,0.0,0.0,lundi,21,Mai,2022-2023,0.0,-1.0,0,0.0,1.0,-1.0,0.0,0.0,"['Saumon à la crème','Pommes noisettes','Fromage blanc','Pomme','pain/fromage/Compote']",-1,-1,-1,-1,-1,-1,-1.0,-1.0,-1.0,-1.0,-1.0,-1.0,-1.0,-1.0,60.0,58.115,-1.884999999999998,-3.2435687860277
23/05/2023,AIME CESAIRE,Elementaires,48.651733,2.378185,60.0,60.0,168,-1.0,-1.0,-1.0,-1.0,"['Courgette râpée','Mijoté de harricots blancs','Riz trois légumes','tome','Crème chocolat','Pain d'épices/Beurre/Petits suisse']",0.0,0.0,0.0,0.0,0.0,0.0,73.0,49.0,17.0,73.0,0.0,0.0,0.0,0.0,mardi,21,Mai,2022-2023,0.0,-1.0,0,0.0,1.0,-1.0,0.0,0.0,"['Courgette râpée','Mijoté de harricots blancs','Riz trois légumes','tome','Crème chocolat','Pain d'épices/Beurre/Petits suisse']",-1,-1,-1,-1,-1,-1,-1.0,-1.0,-1.0,-1.0,-1.0,-1.0,-1.0,-1.0,60.0,57.445,-2.5549999999999997,-4.447732613804508
25/05/2023,AIME CESAIRE,Elementaires,48.651733,2.378185,60.0,58.0,168,-1.0,-1.0,-1.0,-1.0,"['Lentilles à la grecque','Blanquette de veau','Jeunes carottes','Petit suisse','Fraises','Pain/Fromage/Jus de fruits']",0.0,0.0,0.0,0.0,0.0,0.0,73.0,49.0,17.0,73.0,0.0,0.0,0.0,0.0,jeudi,21,Mai,2022-2023,0.0,-1.0,0,0.0,1.0,-1.0,0.0,0.0,"['Lentilles à la grecque','Blanquette de veau','Jeunes carottes','Petit suisse','Fraises','Pain/Fromage/Jus de fruits']",-1,-1,-1,-1,-1,-1,-1.0,-1.0,-1.0,-1.0,-1.0,-1.0,-1.0,-1.0,58.0,56.3725,-1.6274999999999977,-2.8870459887356383
26/05/2023,AIME CESAIRE,Elementaires,48.651733,2.378185,60.0,48.0,168,-1.0,-1.0,-1.0,-1.0,"['Tomates ciboulette','Poulet rôti','Purée de légumes','Brie','Compote p/mirabelle','pain de mie/pête à tatiner'/Lait]",0.0,0.0,0.0,0.0,0.0,0.0,73.0,49.0,17.0,73.0,0.0,0.0,0.0,1.0,vendredi,21,Mai,2022-2023,0.0,-1.0,0,0.0,1.0,-1.0,0.0,0.0,"['Tomates ciboulette','Poulet rôti','Purée de légumes','Brie','Compote p/mirabelle','pain de mie/pête à tatiner'/Lait]",-1,-1,-1,-1,-1,-1,-1.0,-1.0,-1.0,-1.0,-1.0,-1.0,-1.0,-1.0,48.0,50.995,2.9949999999999974,5.873124816158442
30/05/2023,AIME CESAIRE,Elementaires,48.651733,2.378185,60.0,56.0,168,-1.0,-1.0,-1.0,-1.0,"['Melon','Omelette','Mélange de légumes vapeurs à l'ail','Comté AOP','Riz au lait','Pain/Beurre/Confiture']",0.0,0.0,1.0,0.0,0.0,0.0,76.0,48.0,18.0,76.0,0.0,0.0,0.0,0.0,mardi,22,Mai,2022-2023,0.0,-1.0,0,0.0,1.0,-1.0,0.0,0.0,"['Melon','Omelette','Mélange de légumes vapeurs à l'ail','Comté AOP','Riz au lait','Pain/Beurre/Confiture']",-1,-1,-1,-1,-1,-1,-1.0,-1.0,-1.0,-1.0,-1.0,-1.0,-1.0,-1.0,56.0,55.695,-0.3049999999999997,-0.5476254600951606
01/06/2023,AIME CESAIRE,Elementaires,48.651733,2.378185,60.0,60.0,168,-1.0,-1.0,-1.0,-1.0,"['Salade de pommes de terre vinaigrette','Filet de poisson','Purée de brocolis','tarte aux pomme','Madelaine/Jus de fruit/fuits']",0.0,0.0,0.0,0.0,0.0,0.0,76.0,48.0,18.0,76.0,0.0,0.0,0.0,0.0,jeudi,22,Juin,2022-2023,0.0,-1.0,0,0.0,1.0,-1.0,0.0,0.0,"['Salade de pommes de terre vinaigrette','Filet de poisson','Purée de brocolis','tarte aux pomme','Madelaine/Jus de fruit/fuits']",-1,-1,-1,-1,-1,-1,-1.0,-1.0,-1.0,-1.0,-1.0,-1.0,-1.0,-1.0,60.0,58.5875,-1.4125000000000014,-2.4109238318754023
02/06/2023,AIME CESAIRE,Elementaires,48.651733,2.378185,60.0,60.0,168,-1.0,-1.0,-1.0,-1.0,"['Tomates basilis','Filet de volaille','Pâtes fermières

Ile-De-France','Fromage blanc','fraises','pain/fromage/lait vanille']
sauce tomate','",0.0,0.0,0.0,0.0,0.0,0.0,76.0,48.0,18.0,76.0,0.0,0.0,0.0,0.0,vendredi,22,Juin,2022-2023,0.0,-1.0,0,0.0,1.0,-1.0,0.0,0.0,"['Tomates basilis','Filet de volaille','Pâtes fermières

Ile-De-France','Fromage blanc','fraises','pain/fromage/lait vanille']
sauce tomate','",-1,-1,-1,-1,-1,-1,-1.0,-1.0,-1.0,-1.0,-1.0,-1.0,-1.0,-1.0,60.0,57.935,-2.0649999999999977,-3.564339345818586
05/06/2023,AIME CESAIRE,Elementaires,48.651733,2.378185,60.0,48.0,168,-1.0,-1.0,-1.0,-1.0,"['Carottes rapées','Omelette','Risotto de coquilettes','Vache qui rit','Yaourt aux fruits','Painau lait/Barre de chocolat/Jus de fruits']",0.0,0.0,0.0,0.0,0.0,0.0,64.0,49.0,19.0,64.0,0.0,0.0,0.0,0.0,lundi,23,Juin,2022-2023,0.0,-1.0,0,0.0,1.0,-1.0,0.0,0.0,"['Carottes rapées','Omelette','Risotto de coquilettes','Vache qui rit','Yaourt aux fruits','Painau lait/Barre de chocolat/Jus de fruits']",-1,-1,-1,-1,-1,-1,-1.0,-1.0,-1.0,-1.0,-1.0,-1.0,-1.0,-1.0,48.0,49.175,1.1749999999999972,2.3894255210981132
06/06/2023,AIME CESAIRE,Elementaires,48.651733,2.378185,60.0,40.0,168,-1.0,-1.0,-1.0,-1.0,"['Curry de légume','Riz','Emmental/Edam','Purée de pommes/Purée de pommes-ananas','Brioche/Lait/Fruit']",0.0,0.0,0.0,0.0,0.0,0.0,64.0,49.0,19.0,64.0,0.0,0.0,0.0,0.0,mardi,23,Juin,2022-2023,0.0,-1.0,0,0.0,1.0,-1.0,0.0,0.0,"['Curry de légume','Riz','Emmental/Edam','Purée de pommes/Purée de pommes-ananas','Brioche/Lait/Fruit']",-1,-1,-1,-1,-1,-1,-1.0,-1.0,-1.0,-1.0,-1.0,-1.0,-1.0,-1.0,40.0,45.4125,5.412500000000001,11.918524635287644
08/06/2023,AIME CESAIRE,Elementaires,48.651733,2.378185,60.0,39.0,168,-1.0,-1.0,-1.0,-1.0,"['Pastèque','Rôti de veau/pommes de terres persillées','Petit suisse/Formage blanc','Nectarine','Pain/Fromage/Jus de fruit']",0.0,0.0,0.0,0.0,0.0,0.0,64.0,49.0,19.0,64.0,0.0,0.0,0.0,0.0,jeudi,23,Juin,2022-2023,0.0,-1.0,0,0.0,1.0,-1.0,0.0,0.0,"['Pastèque','Rôti de veau/pommes de terres persillées','Petit suisse/Formage blanc','Nectarine','Pain/Fromage/Jus de fruit']",-1,-1,-1,-1,-1,-1,-1.0,-1.0,-1.0,-1.0,-1.0,-1.0,-1.0,-1.0,39.0,44.67,5.670000000000002,12.693082605775691
09/06/2023,AIME CESAIRE,Elementaires,48.651733,2.378185,60.0,48.0,168,-1.0,-1.0,-1.0,-1.0,"['Concombre ciboulette/Avocat','Filet de Hoki Meunière et citron','Purée de légumes','comté/St nectaire','Semoule au lait caramel/Riz au lit caramel','Croissant/Lait']",0.0,0.0,0.0,0.0,0.0,0.0,64.0,49.0,19.0,64.0,0.0,0.0,0.0,0.0,vendredi,23,Juin,2022-2023,0.0,-1.0,0,0.0,1.0,-1.0,0.0,0.0,"['Concombre ciboulette/Avocat','Filet de Hoki Meunière et citron','Purée de légumes','comté/St nectaire','Semoule au lait caramel/Riz au lit caramel','Croissant/Lait']",-1,-1,-1,-1,-1,-1,-1.0,-1.0,-1.0,-1.0,-1.0,-1.0,-1.0,-1.0,48.0,49.8625,1.8624999999999972,3.735271997994479
12/06/2023,AIME CESAIRE,Elementaires,48.651733,2.378185,48.0,54.0,168,-1.0,-1.0,-1.0,-1.0,"['Salade composée/Carottes rapées','Poulet sauce barbecue','Haricots verts','Cantal/Gouda','Crème vanille/Crème chocolat','Céréales/Lait/Fruit']",0.0,0.0,0.0,0.0,0.0,0.0,55.0,56.0,17.0,55.0,0.0,0.0,0.0,0.0,lundi,24,Juin,2022-2023,0.0,-1.0,0,0.0,1.0,-1.0,0.0,0.0,"['Salade composée/Carottes rapées','Poulet sauce barbecue','Haricots verts','Cantal/Gouda','Crème vanille/Crème chocolat','Céréales/Lait/Fruit']",-1,-1,-1,-1,-1,-1,-1.0,-1.0,-1.0,-1.0,-1.0,-1.0,-1.0,-1.0,54.0,53.38,-0.6199999999999974,-1.1614837017609543
13/06/2023,AIME CESAIRE,Elementaires,48.651733,2.378185,48.0,54.0,168,-1.0,-1.0,-1.0,-1.0,"['Melon','Couscous de légumes aux fèves','Semoule','Bûche de chèvre/Coulommiers','Cubes de pores/Cubes de pêches','Biscuit/Petit suisse/Fruit']",0.0,0.0,0.0,0.0,0.0,0.0,55.0,56.0,17.0,55.0,0.0,0.0,0.0,0.0,mardi,24,Juin,2022-2023,0.0,-1.0,0,0.0,1.0,-1.0,0.0,0.0,"['Melon','Couscous de légumes aux fèves','Semoule','Bûche de chèvre/Coulommiers','Cubes de pores/Cubes de pêches','Biscuit/Petit suisse/Fruit']",-1,-1,-1,-1,-1,-1,-1.0,-1.0,-1.0,-1.0,-1.0,-1.0,-1.0,-1.0,54.0,53.435,-0.5649999999999977,-1.0573594086273
15/06/2023,AIME CESAIRE,Elementaires,48.651733,2.378185,48.0,64.0,168,-1.0,-1.0,-1.0,-1.0,"['Filet de cabilleaud sauce à la dieppoise','Pates aux petits légumes','Fromage blanc','Fraise','Pain/Fromage/Jus de fruits']",0.0,0.0,0.0,0.0,0.0,0.0,55.0,56.0,17.0,55.0,0.0,0.0,0.0,0.0,jeudi,24,Juin,2022-2023,0.0,-1.0,0,0.0,1.0,-1.0,0.0,0.0,"['Filet de cabilleaud sauce à la dieppoise','Pates aux petits légumes','Fromage blanc','Fraise','Pain/Fromage/Jus de fruits']",-1,-1,-1,-1,-1,-1,-1.0,-1.0,-1.0,-1.0,-1.0,-1.0,-1.0,-1.0,64.0,60.7475,-3.2524999999999977,-5.3541297995802255
16/06/2023,AIME CESAIRE,Elementaires,48.651733,2.378185,48.0,53.0,168,-1.0,-1.0,-1.0,-1.0,"['Tomates vinaigrettes/Iceberg ciselé','Escalope de volaille au jus','Gratin de courgette béchamel','Mozzarella cossette','Flan patissier','Pain de mie/Beurre/Confiture']",0.0,0.0,0.0,0.0,0.0,0.0,55.0,56.0,17.0,55.0,0.0,0.0,0.0,0.0,vendredi,24,Juin,2022-2023,0.0,-1.0,0,0.0,1.0,-1.0,0.0,0.0,"['Tomates vinaigrettes/Iceberg ciselé','Escalope de volaille au jus','Gratin de courgette béchamel','Mozzarella cossette','Flan patissier','Pain de mie/Beurre/Confiture']",-1,-1,-1,-1,-1,-1,-1.0,-1.0,-1.0,-1.0,-1.0,-1.0,-1.0,-1.0,53.0,54.5775,1.5775000000000006,2.8903852320095287
19/06/2023,AIME CESAIRE,Elementaires,48.651733,2.378185,64.0,58.0,168,-1.0,-1.0,-1.0,-1.0,"['Mâche vinaigrette/Céleri rémoulade','Brandade de morue','Camembert/Brie','Purée de pomme-Banane/Purée de pommes-fruits rouge','Pain/Fromage/Compote']",0.0,0.0,0.0,0.0,0.0,0.0,55.0,61.0,17.0,55.0,0.0,0.0,0.0,0.0,lundi,25,Juin,2022-2023,0.0,-1.0,0,0.0,1.0,-1.0,0.0,0.0,"['Mâche vinaigrette/Céleri rémoulade','Brandade de morue','Camembert/Brie','Purée de pomme-Banane/Purée de pommes-fruits rouge','Pain/Fromage/Compote']",-1,-1,-1,-1,-1,-1,-1.0,-1.0,-1.0,-1.0,-1.0,-1.0,-1.0,-1.0,58.0,59.3425,1.3425000000000011,2.262290938197752
20/06/2023,AIME CESAIRE,Elementaires,48.651733,2.378185,64.0,64.0,168,-1.0,-1.0,-1.0,-1.0,"['Salade de concombre à la crème/Coeur de laitue','Légumes cuisinés à la chinoise','Riz','Mimolette','Nectarine','Pain d'épices/Beurre/Petit suisse']",0.0,0.0,0.0,0.0,0.0,0.0,55.0,61.0,17.0,55.0,0.0,0.0,0.0,0.0,mardi,25,Juin,2022-2023,0.0,-1.0,0,0.0,1.0,-1.0,0.0,0.0,"['Salade de concombre à la crème/Coeur de laitue','Légumes cuisinés à la chinoise','Riz','Mimolette','Nectarine','Pain d'épices/Beurre/Petit suisse']",-1,-1,-1,-1,-1,-1,-1.0,-1.0,-1.0,-1.0,-1.0,-1.0,-1.0,-1.0,64.0,62.35,-1.6499999999999986,-2.6463512429831573
22/06/2023,AIME CESAIRE,Elementaires,48.651733,2.378185,64.0,66.0,168,-1.0,-1.0,-1.0,-1.0,"['Salade de pommes de terre/Salade de crozet','Mijoté de boeuf aux carottes/Poêlée 4 saisons','Kiri/Babybel','Melon','Biscuit/Lait/Fruit']",0.0,0.0,0.0,0.0,0.0,0.0,55.0,61.0,17.0,55.0,0.0,0.0,0.0,0.0,jeudi,25,Juin,2022-2023,0.0,-1.0,0,0.0,1.0,-1.0,0.0,0.0,"['Salade de pommes de terre/Salade de crozet','Mijoté de boeuf aux carottes/Poêlée 4 saisons','Kiri/Babybel','Melon','Biscuit/Lait/Fruit']",-1,-1,-1,-1,-1,-1,-1.0,-1.0,-1.0,-1.0,-1.0,-1.0,-1.0,-1.0,66.0,62.8575,-3.1424999999999983,-4.999403412480608
23/06/2023,AIME CESAIRE,Elementaires,48.651733,2.378185,64.0,80.0,168,-1.0,-1.0,-1.0,-1.0,"['Poulet rôti au thym','Pommes rissolées','Petit suisse/Yaourt nature bio','Fraises','Pain/Fromage/Jus de fruits']",0.0,0.0,0.0,0.0,0.0,0.0,55.0,61.0,17.0,55.0,0.0,0.0,0.0,0.0,vendredi,25,Juin,2022-2023,0.0,-1.0,0,0.0,1.0,-1.0,0.0,0.0,"['Poulet rôti au thym','Pommes rissolées','Petit suisse/Yaourt nature bio','Fraises','Pain/Fromage/Jus de fruits']",-1,-1,-1,-1,-1,-1,-1.0,-1.0,-1.0,-1.0,-1.0,-1.0,-1.0,-1.0,80.0,70.2475,-9.752499999999998,-13.883056336524428
26/06/2023,AIME CESAIRE,Elementaires,48.651733,2.378185,66.0,49.0,168,-1.0,-1.0,-1.0,-1.0,"['Pastèque/melon','Rôti de veau sauce au miel','Beignet de salsifis','Comté/St nectaire','Semoule au lait/Riz au lait','Céréales/Lait/Fruit']",0.0,0.0,0.0,0.0,0.0,0.0,50.0,56.0,14.0,50.0,0.0,0.0,0.0,0.0,lundi,26,Juin,2022-2023,0.0,-1.0,0,0.0,1.0,-1.0,0.0,0.0,"['Pastèque/melon','Rôti de veau sauce au miel','Beignet de salsifis','Comté/St nectaire','Semoule au lait/Riz au lait','Céréales/Lait/Fruit']",-1,-1,-1,-1,-1,-1,-1.0,-1.0,-1.0,-1.0,-1.0,-1.0,-1.0,-1.0,49.0,50.7175,1.7175000000000011,3.3864050870015303
27/06/2023,AIME CESAIRE,Elementaires,48.651733,2.378185,66.0,52.0,168,-1.0,-1.0,-1.0,-1.0,"['menu de fin d'année','Pain/Fromage/Compote']",0.0,0.0,0.0,0.0,0.0,0.0,50.0,56.0,14.0,50.0,0.0,0.0,0.0,0.0,mardi,26,Juin,2022-2023,0.0,-1.0,0,0.0,1.0,-1.0,0.0,0.0,"['menu de fin d'année','Pain/Fromage/Compote']",-1,-1,-1,-1,-1,-1,-1.0,-1.0,-1.0,-1.0,-1.0,-1.0,-1.0,-1.0,52.0,54.015,2.0150000000000006,3.730445246690735
29/06/2023,AIME CESAIRE,Elementaires,48.651733,2.378185,66.0,44.0,168,-1.0,-1.0,-1.0,-1.0,"['Carottes rapée vinaigrette au miel','Saumon safrané','Gratin de courgettes et pommes de terres','Petit suisse/Yaourt nature','Abricot','Madeleine/Lait Chocolat/Fruit']",0.0,0.0,0.0,0.0,0.0,0.0,50.0,56.0,14.0,50.0,0.0,0.0,0.0,0.0,jeudi,26,Juin,2022-2023,0.0,-1.0,0,0.0,1.0,-1.0,0.0,0.0,"['Carottes rapée vinaigrette au miel','Saumon safrané','Gratin de courgettes et pommes de terres','Petit suisse/Yaourt nature','Abricot','Madeleine/Lait Chocolat/Fruit']",-1,-1,-1,-1,-1,-1,-1.0,-1.0,-1.0,-1.0,-1.0,-1.0,-1.0,-1.0,44.0,49.2425,5.2425,10.64629131339798
30/06/2023,AIME CESAIRE,Elementaires,48.651733,2.378185,66.0,55.0,168,-1.0,-1.0,-1.0,-1.0,"['Omelette sauce tomate','Semoule','St Paulin/Tome','Pëche','Pain/Beurre/Confiture']",0.0,0.0,0.0,0.0,0.0,0.0,50.0,56.0,14.0,50.0,0.0,0.0,0.0,0.0,vendredi,26,Juin,2022-2023,0.0,-1.0,0,0.0,1.0,-1.0,0.0,0.0,"['Omelette sauce tomate','Semoule','St Paulin/Tome','Pëche','Pain/Beurre/Confiture']",-1,-1,-1,-1,-1,-1,-1.0,-1.0,-1.0,-1.0,-1.0,-1.0,-1.0,-1.0,55.0,54.94,-0.060000000000002274,-0.10921004732435799
08/09/2023,AIME CESAIRE,Elementaires,48.651733,2.378185,63.0,51.0,177,-1.0,-1.0,-1.0,-1.0,"['Salade Iceberg','Poulet rôti','Petits pois','Mimolette'','Semoule au lait caramel']",0.0,0.0,0.0,0.0,0.0,0.0,67.0,55.0,5.0,67.0,0.0,0.0,0.0,0.0,vendredi,36,Septembre,2022-2023,0.0,-1.0,0,0.0,1.0,-1.0,1.0,0.0,"['Salade Iceberg','Poulet rôti','Petits pois','Mimolette'','Semoule au lait caramel']",-1,-1,-1,-1,-1,-1,-1.0,-1.0,-1.0,-1.0,-1.0,-1.0,-1.0,-1.0,51.0,52.6825,1.6824999999999974,3.1936601338205235
11/09/2023,AIME CESAIRE,Elementaires,48.651733,2.378185,51.0,54.0,177,-1.0,-1.0,-1.0,-1.0,"['Carottes râpées','Saucisse de volaille Lentilles','Gouda / Cantal AOP','Arlequin de fruits','Croissant/Jus de fruit']",0.0,0.0,0.0,0.0,0.0,0.0,77.0,56.0,2.0,77.0,0.0,0.0,0.0,0.0,lundi,37,Septembre,2022-2023,0.0,-1.0,0,0.0,1.0,-1.0,0.0,0.0,"['Carottes râpées','Saucisse de volaille Lentilles','Gouda / Cantal AOP','Arlequin de fruits','Croissant/Jus de fruit']",-1,-1,-1,-1,-1,-1,-1.0,-1.0,-1.0,-1.0,-1.0,-1.0,-1.0,-1.0,54.0,54.1825,0.18249999999999744,0.3368246204955428
12/09/2023,AIME CESAIRE,Elementaires,48.651733,2.378185,51.0,53.0,177,-1.0,-1.0,-1.0,-1.0,"['Salade grecque','Curry de légumes aux pois chiches','Boulgour','Petit suisse Prune','Céréales - Lait - Fruit']",0.0,0.0,0.0,0.0,0.0,0.0,77.0,56.0,2.0,77.0,0.0,0.0,0.0,0.0,mardi,37,Septembre,2022-2023,0.0,-1.0,0,0.0,1.0,-1.0,0.0,0.0,"['Salade grecque','Curry de légumes aux pois chiches','Boulgour','Petit suisse Prune','Céréales - Lait - Fruit']",-1,-1,-1,-1,-1,-1,-1.0,-1.0,-1.0,-1.0,-1.0,-1.0,-1.0,-1.0,53.0,53.585,0.5850000000000009,1.0917234300643852
14/09/2023,AIME CESAIRE,Elementaires,48.651733,2.378185,51.0,46.0,177,-1.0,-1.0,-1.0,-1.0,"['Filet de poulet marengo','Pomme de terre persillées','Yaourt aromatisé','Raisin','Pain/Fromage/Purée de fruit']",0.0,0.0,0.0,0.0,0.0,0.0,77.0,56.0,2.0,77.0,0.0,0.0,0.0,0.0,jeudi,37,Septembre,2022-2023,0.0,-1.0,0,0.0,0.0,-1.0,0.0,0.0,"['Filet de poulet marengo','Pomme de terre persillées','Yaourt aromatisé','Raisin','Pain/Fromage/Purée de fruit']",-1,-1,-1,-1,-1,-1,-1.0,-1.0,-1.0,-1.0,-1.0,-1.0,-1.0,-1.0,46.0,49.1,3.1000000000000014,6.313645621181266
15/09/2023,AIME CESAIRE,Elementaires,48.651733,2.378185,51.0,58.0,177,-1.0,-1.0,-1.0,-1.0,"['Concombre basilic','Médaillon de merlu sauce provençale','Duo de carottes rondelles','St Paulin','Eclair au chocolat / Eclair à la vanille','Biscuit/Fromage blanc/Fruit']",0.0,0.0,0.0,0.0,0.0,0.0,77.0,56.0,2.0,77.0,0.0,0.0,0.0,0.0,vendredi,37,Septembre,2022-2023,0.0,-1.0,0,0.0,1.0,-1.0,0.0,0.0,"['Concombre basilic','Médaillon de merlu sauce provençale','Duo de carottes rondelles','St Paulin','Eclair au chocolat / Eclair à la vanille','Biscuit/Fromage blanc/Fruit']",-1,-1,-1,-1,-1,-1,-1.0,-1.0,-1.0,-1.0,-1.0,-1.0,-1.0,-1.0,58.0,47.2375,-10.762500000000003,-22.783805239481353
18/09/2023,AIME CESAIRE,Elementaires,48.651733,2.378185,58.0,56.0,177,-1.0,-1.0,-1.0,-1.0,"['Sardine au citron','Pilon de poulet rôti','Pommes sautées','Edam Poire / Prune','Gaufre/jus de fruit']",0.0,0.0,0.0,0.0,0.0,0.0,94.0,57.0,1.0,94.0,0.0,0.0,0.0,0.0,lundi,38,Septembre,2022-2023,0.0,-1.0,0,0.0,0.0,-1.0,0.0,0.0,"['Sardine au citron','Pilon de poulet rôti','Pommes sautées','Edam Poire / Prune','Gaufre/jus de fruit']",-1,-1,-1,-1,-1,-1,-1.0,-1.0,-1.0,-1.0,-1.0,-1.0,-1.0,-1.0,56.0,56.5025,0.5024999999999977,0.8893411795938192
19/09/2023,AIME CESAIRE,Elementaires,48.651733,2.378185,58.0,58.0,177,-1.0,-1.0,-1.0,-1.0,"['Cœur de laitue','Couscous végétarien aux fèves et abricots sec','Semoule à l’huile d’olive','Brie','Purée P/ cassis','Purée P/ananas','Pain au lait/barre de chocolat/Fruit']",0.0,0.0,0.0,0.0,0.0,0.0,94.0,57.0,1.0,94.0,0.0,0.0,0.0,0.0,mardi,38,Septembre,2022-2023,0.0,-1.0,0,0.0,1.0,-1.0,0.0,0.0,"['Cœur de laitue','Couscous végétarien aux fèves et abricots sec','Semoule à l’huile d’olive','Brie','Purée P/ cassis','Purée P/ananas','Pain au lait/barre de chocolat/Fruit']",-1,-1,-1,-1,-1,-1,-1.0,-1.0,-1.0,-1.0,-1.0,-1.0,-1.0,-1.0,58.0,57.0025,-0.9975000000000023,-1.7499232489803118
21/09/2023,AIME CESAIRE,Elementaires,48.651733,2.378185,58.0,46.0,177,-1.0,-1.0,-1.0,-1.0,"['Saumon vapeur','Purée de légumes','Yaourt nature / Fromage blanc','Raisin/Pain/Fromage/Purée de fruit']",0.0,0.0,0.0,0.0,0.0,0.0,94.0,57.0,1.0,94.0,0.0,0.0,0.0,0.0,jeudi,38,Septembre,2022-2023,0.0,-1.0,0,0.0,1.0,-1.0,0.0,0.0,"['Saumon vapeur','Purée de légumes','Yaourt nature / Fromage blanc','Raisin/Pain/Fromage/Purée de fruit']",-1,-1,-1,-1,-1,-1,-1.0,-1.0,-1.0,-1.0,-1.0,-1.0,-1.0,-1.0,46.0,48.605,2.604999999999997,5.35953091245756
22/09/2023,AIME CESAIRE,Elementaires,48.651733,2.378185,58.0,60.0,177,-1.0,-1.0,-1.0,-1.0,"['Sardine au citron','Pilon de poulet rôti','Pommes sautées','Edam Poire / Prune','Gaufre/jus de fruit']
",0.0,0.0,0.0,0.0,0.0,0.0,94.0,57.0,1.0,94.0,0.0,0.0,0.0,0.0,vendredi,38,Septembre,2022-2023,0.0,-1.0,0,0.0,1.0,-1.0,0.0,0.0,"['Sardine au citron','Pilon de poulet rôti','Pommes sautées','Edam Poire / Prune','Gaufre/jus de fruit']
",-1,-1,-1,-1,-1,-1,-1.0,-1.0,-1.0,-1.0,-1.0,-1.0,-1.0,-1.0,60.0,58.0475,-1.9525000000000006,-3.363624617769931
25/09/2023,AIME CESAIRE,Elementaires,48.651733,2.378185,60.0,53.0,177,-1.0,-1.0,-1.0,-1.0,"['Melon','Filet de Cabillaud à l’italienne','Beignet de salsifis','Petit Louis','Cube de pêche','Pain au lait/barre de chocolat/Fruit']",0.0,0.0,0.0,0.0,0.0,0.0,113.0,61.0,1.0,113.0,0.0,0.0,0.0,1.0,lundi,39,Septembre,2022-2023,0.0,-1.0,0,0.0,0.0,-1.0,0.0,0.0,"['Melon','Filet de Cabillaud à l’italienne','Beignet de salsifis','Petit Louis','Cube de pêche','Pain au lait/barre de chocolat/Fruit']",-1,-1,-1,-1,-1,-1,-1.0,-1.0,-1.0,-1.0,-1.0,-1.0,-1.0,-1.0,53.0,54.495,1.4949999999999974,2.7433709514634326
26/09/2023,AIME CESAIRE,Elementaires,48.651733,2.378185,60.0,57.0,177,-1.0,-1.0,-1.0,-1.0,"Tomates à la vinaigrette
Bœuf Bourguignon
Printanière de légumes
/
Flan parisien",0.0,0.0,0.0,0.0,0.0,0.0,113.0,61.0,1.0,113.0,0.0,0.0,0.0,0.0,mardi,39,Septembre,2022-2023,0.0,-1.0,0,0.0,1.0,-1.0,0.0,0.0,"Tomates à la vinaigrette
Bœuf Bourguignon
Printanière de légumes
/
Flan parisien",-1,-1,-1,-1,-1,-1,-1.0,-1.0,-1.0,-1.0,-1.0,-1.0,-1.0,-1.0,57.0,54.9,-2.1000000000000014,-3.825136612021861
28/09/2023,AIME CESAIRE,Elementaires,48.651733,2.378185,60.0,59.0,177,-1.0,-1.0,-1.0,-1.0,"['Betterave vinaigrette','Colombo de volailles','Pomme de terre persillées','Petit Suisse','Raisin','Pain/Beurre/Confiture']",0.0,0.0,0.0,0.0,0.0,0.0,113.0,61.0,1.0,113.0,0.0,0.0,0.0,0.0,jeudi,39,Septembre,2022-2023,0.0,-1.0,0,0.0,1.0,-1.0,0.0,0.0,"['Betterave vinaigrette','Colombo de volailles','Pomme de terre persillées','Petit Suisse','Raisin','Pain/Beurre/Confiture']",-1,-1,-1,-1,-1,-1,-1.0,-1.0,-1.0,-1.0,-1.0,-1.0,-1.0,-1.0,59.0,58.395,-0.6049999999999969,-1.0360476068156468
02/10/2023,AIME CESAIRE,Elementaires,48.651733,2.378185,59.0,58.0,177,-1.0,-1.0,-1.0,-1.0,"['Carbonnade de veau à la flammande','Gratin de pommes de terre et blettes','Petit suisse','Poire williams','Pain/Fromage/Jus de fruit']",0.0,0.0,0.0,0.0,0.0,0.0,137.0,71.0,2.0,137.0,0.0,0.0,0.0,1.0,lundi,40,Octobre,2022-2023,0.0,-1.0,0,0.0,0.0,-1.0,0.0,0.0,"['Carbonnade de veau à la flammande','Gratin de pommes de terre et blettes','Petit suisse','Poire williams','Pain/Fromage/Jus de fruit']",-1,-1,-1,-1,-1,-1,-1.0,-1.0,-1.0,-1.0,-1.0,-1.0,-1.0,-1.0,58.0,57.81,-0.18999999999999773,-0.3286628610966921
03/10/2023,AIME CESAIRE,Elementaires,48.651733,2.378185,59.0,57.0,177,-1.0,-1.0,-1.0,-1.0,"['Lentilles à la grecque','Filet de lieu sauce basilic','Cantal AOP','Banane','Pain/Beurre/Confiture']",0.0,0.0,0.0,0.0,0.0,0.0,137.0,71.0,2.0,137.0,0.0,0.0,0.0,1.0,mardi,40,Octobre,2022-2023,0.0,-1.0,0,0.0,1.0,-1.0,0.0,0.0,"['Lentilles à la grecque','Filet de lieu sauce basilic','Cantal AOP','Banane','Pain/Beurre/Confiture']",-1,-1,-1,-1,-1,-1,-1.0,-1.0,-1.0,-1.0,-1.0,-1.0,-1.0,-1.0,57.0,57.1625,0.16250000000000142,0.28427727968511074
05/10/2023,AIME CESAIRE,Elementaires,48.651733,2.378185,59.0,54.0,177,-1.0,-1.0,-1.0,-1.0,"['Feuille de chêne blonde','Légumes cuisinés à l'asiatique','Brie','Purée pommes-Litchis','Céréales/Lait/Fruit']",0.0,0.0,0.0,0.0,0.0,0.0,137.0,71.0,2.0,137.0,0.0,0.0,0.0,1.0,jeudi,40,Octobre,2022-2023,0.0,-1.0,0,0.0,1.0,-1.0,0.0,0.0,"['Feuille de chêne blonde','Légumes cuisinés à l'asiatique','Brie','Purée pommes-Litchis','Céréales/Lait/Fruit']",-1,-1,-1,-1,-1,-1,-1.0,-1.0,-1.0,-1.0,-1.0,-1.0,-1.0,-1.0,54.0,55.0025,1.0024999999999977,1.8226444252533935
06/10/2023,AIME CESAIRE,Elementaires,48.651733,2.378185,59.0,57.0,177,-1.0,-1.0,-1.0,-1.0,"['Coleslaw','Filet de poulet Basquaise','Pommes de terres persillées','Emmental','Arlequins de fruits','Pain au chocolat/Lait']",0.0,0.0,0.0,0.0,0.0,0.0,137.0,71.0,2.0,137.0,0.0,0.0,0.0,1.0,vendredi,40,Octobre,2022-2023,0.0,-1.0,0,0.0,1.0,-1.0,0.0,0.0,"['Coleslaw','Filet de poulet Basquaise','Pommes de terres persillées','Emmental','Arlequins de fruits','Pain au chocolat/Lait']",-1,-1,-1,-1,-1,-1,-1.0,-1.0,-1.0,-1.0,-1.0,-1.0,-1.0,-1.0,57.0,57.525,0.5249999999999986,0.9126466753585373
09/10/2023,AIME CESAIRE,Elementaires,48.651733,2.378185,58.0,59.0,177,-1.0,-1.0,-1.0,-1.0,"['Endives au gouda et miel','Parmentier de poisson à la courgette','Petit suisse sucré','Pain/Fromage/Fruit']",0.0,0.0,0.0,0.0,0.0,0.0,165.0,66.0,3.0,165.0,0.0,0.0,0.0,0.0,lundi,41,Octobre,2022-2023,0.0,-1.0,0,0.0,0.0,-1.0,0.0,0.0,"['Endives au gouda et miel','Parmentier de poisson à la courgette','Petit suisse sucré','Pain/Fromage/Fruit']",-1,-1,-1,-1,-1,-1,-1.0,-1.0,-1.0,-1.0,-1.0,-1.0,-1.0,-1.0,59.0,58.2875,-0.7124999999999986,-1.2223890199442393
10/10/2023,AIME CESAIRE,Elementaires,48.651733,2.378185,58.0,57.0,177,-1.0,-1.0,-1.0,-1.0,"['Concombre sauce Tzatziki','Poulet sauce barbecue','Pommes de terres rissolées','Yaourt aromatisé','Kiwi','Pain de mie/Pâte à tartiner/Lait']",0.0,0.0,0.0,0.0,0.0,0.0,165.0,66.0,3.0,165.0,0.0,0.0,0.0,0.0,mardi,41,Octobre,2022-2023,0.0,-1.0,0,0.0,1.0,-1.0,0.0,0.0,"['Concombre sauce Tzatziki','Poulet sauce barbecue','Pommes de terres rissolées','Yaourt aromatisé','Kiwi','Pain de mie/Pâte à tartiner/Lait']",-1,-1,-1,-1,-1,-1,-1.0,-1.0,-1.0,-1.0,-1.0,-1.0,-1.0,-1.0,57.0,56.5425,-0.4575000000000031,-0.8091258787637674
12/10/2023,AIME CESAIRE,Elementaires,48.651733,2.378185,58.0,54.0,177,-1.0,-1.0,-1.0,-1.0,"['Salade de mâche au crouton','Rôti de veau sauce orange miel','Julienne de légumes','Edam','Moelleux aux chocolat et crème anglaise','Biscuit/Lait/Fruit']",0.0,0.0,0.0,0.0,0.0,0.0,165.0,66.0,3.0,165.0,0.0,0.0,0.0,0.0,jeudi,41,Octobre,2022-2023,0.0,-1.0,0,0.0,1.0,-1.0,0.0,0.0,"['Salade de mâche au crouton','Rôti de veau sauce orange miel','Julienne de légumes','Edam','Moelleux aux chocolat et crème anglaise','Biscuit/Lait/Fruit']",-1,-1,-1,-1,-1,-1,-1.0,-1.0,-1.0,-1.0,-1.0,-1.0,-1.0,-1.0,54.0,55.485,1.4849999999999994,2.676399026763989
16/10/2023,AIME CESAIRE,Elementaires,48.651733,2.378185,59.0,56.0,177,-1.0,-1.0,-1.0,-1.0,"['Paté de volaille','Boeuf bourguignon','Carottes en rondelles','Edam','Pomme granny','Pain/beurre/lait']",0.0,0.0,0.0,0.0,0.0,0.0,212.0,63.0,3.0,212.0,0.0,0.0,0.0,0.0,lundi,42,Octobre,2022-2023,0.0,-1.0,0,0.0,0.0,-1.0,0.0,0.0,"['Paté de volaille','Boeuf bourguignon','Carottes en rondelles','Edam','Pomme granny','Pain/beurre/lait']",-1,-1,-1,-1,-1,-1,-1.0,-1.0,-1.0,-1.0,-1.0,-1.0,-1.0,-1.0,56.0,56.7825,0.7824999999999989,1.3780654250869526
17/10/2023,AIME CESAIRE,Elementaires,48.651733,2.378185,59.0,59.0,177,-1.0,-1.0,-1.0,-1.0,"['Sauté de porc/Chili végétarien','Haricots rouge et riz','Tome','Raisin','Pain au lait/Barre de chocolat/Lait']",0.0,0.0,0.0,0.0,0.0,0.0,212.0,63.0,3.0,212.0,0.0,0.0,0.0,0.0,mardi,42,Octobre,2022-2023,0.0,-1.0,0,0.0,1.0,-1.0,0.0,0.0,"['Sauté de porc/Chili végétarien','Haricots rouge et riz','Tome','Raisin','Pain au lait/Barre de chocolat/Lait']",-1,-1,-1,-1,-1,-1,-1.0,-1.0,-1.0,-1.0,-1.0,-1.0,-1.0,-1.0,59.0,58.335,-0.6649999999999991,-1.1399674295020126
19/10/2023,AIME CESAIRE,Elementaires,48.651733,2.378185,59.0,66.0,177,-1.0,-1.0,-1.0,-1.0,"['Salade de blé','Omelette',Haricots verts','Petit suisse','Poire conférence','Pain/Fromage/Jus de fruit']",0.0,0.0,0.0,0.0,0.0,0.0,212.0,63.0,3.0,212.0,0.0,0.0,0.0,0.0,jeudi,42,Octobre,2022-2023,0.0,-1.0,0,0.0,1.0,-1.0,0.0,0.0,"['Salade de blé','Omelette',Haricots verts','Petit suisse','Poire conférence','Pain/Fromage/Jus de fruit']",-1,-1,-1,-1,-1,-1,-1.0,-1.0,-1.0,-1.0,-1.0,-1.0,-1.0,-1.0,66.0,60.4525,-5.547499999999999,-9.176626276828914
06/11/2023,AIME CESAIRE,Elementaires,48.651733,2.378185,59.0,56.0,177,-1.0,-1.0,-1.0,-1.0,"['Mesclun vinaigrette/Houmous','Merlu meunière','Penne aux légumes','Petit suisse/Fromage blanc','Kiwi/Poire','Pain au lait/Barre de chocolat/Lait']",0.0,0.0,0.0,0.0,1.0,0.0,190.0,73.0,6.0,190.0,0.0,0.0,0.0,0.0,lundi,45,Novembre,2022-2023,0.0,-1.0,0,0.0,1.0,-1.0,0.0,0.0,"['Mesclun vinaigrette/Houmous','Merlu meunière','Penne aux légumes','Petit suisse/Fromage blanc','Kiwi/Poire','Pain au lait/Barre de chocolat/Lait']",-1,-1,-1,-1,-1,-1,-1.0,-1.0,-1.0,-1.0,-1.0,-1.0,-1.0,-1.0,56.0,56.5775,0.5775000000000006,1.0207237859573162
07/11/2023,AIME CESAIRE,Elementaires,48.651733,2.378185,59.0,62.0,177,-1.0,-1.0,-1.0,-1.0,"['Salade Bombay/Endives vinaigrette à l'huile de noix','Paëlla végétarienne','Comté AOP/St nectaire AOP','Ananas en cube BIO/purée de fruits BIO','Pain/Fromage/Fruit']",0.0,0.0,0.0,0.0,0.0,0.0,190.0,73.0,6.0,190.0,0.0,0.0,0.0,0.0,mardi,45,Novembre,2022-2023,0.0,-1.0,0,0.0,0.0,-1.0,0.0,0.0,"['Salade Bombay/Endives vinaigrette à l'huile de noix','Paëlla végétarienne','Comté AOP/St nectaire AOP','Ananas en cube BIO/purée de fruits BIO','Pain/Fromage/Fruit']",-1,-1,-1,-1,-1,-1,-1.0,-1.0,-1.0,-1.0,-1.0,-1.0,-1.0,-1.0,62.0,60.66,-1.3400000000000034,-2.2090339597758053
09/11/2023,AIME CESAIRE,Elementaires,48.651733,2.378185,59.0,56.0,177,-1.0,-1.0,-1.0,-1.0,"['Salade Iceberg et avocat/Mâche aux croutons','Sauté de volaille aux marrons/Omelette','Riz créole/Tortis épinards tomate','Camembert/Chèvre','Riz au lait/Semoule au lait','Pain/Fromage/Fruit']",0.0,0.0,0.0,0.0,0.0,0.0,190.0,73.0,6.0,190.0,0.0,0.0,0.0,0.0,jeudi,45,Novembre,2022-2023,0.0,-1.0,0,0.0,1.0,-1.0,0.0,0.0,"['Salade Iceberg et avocat/Mâche aux croutons','Sauté de volaille aux marrons/Omelette','Riz créole/Tortis épinards tomate','Camembert/Chèvre','Riz au lait/Semoule au lait','Pain/Fromage/Fruit']",-1,-1,-1,-1,-1,-1,-1.0,-1.0,-1.0,-1.0,-1.0,-1.0,-1.0,-1.0,56.0,56.685,0.6850000000000023,1.2084325659345545
10/11/2023,AIME CESAIRE,Elementaires,48.651733,2.378185,59.0,57.0,177,-1.0,-1.0,-1.0,-1.0,"['Blanquette de veau/Filet delieu sauce parisienne','Petit pois carottes/Riz créole','Emmental/Cantal AOP','Banane/Pomme','Pain de mie/Beurre/Jus de fruits']",0.0,0.0,0.0,0.0,0.0,0.0,190.0,73.0,6.0,190.0,0.0,0.0,0.0,0.0,vendredi,45,Novembre,2022-2023,0.0,-1.0,0,0.0,1.0,-1.0,0.0,0.0,"['Blanquette de veau/Filet delieu sauce parisienne','Petit pois carottes/Riz créole','Emmental/Cantal AOP','Banane/Pomme','Pain de mie/Beurre/Jus de fruits']",-1,-1,-1,-1,-1,-1,-1.0,-1.0,-1.0,-1.0,-1.0,-1.0,-1.0,-1.0,57.0,57.255,0.25500000000000256,0.44537594969872074
13/11/2023,AIME CESAIRE,Elementaires,48.651733,2.378185,62.0,56.0,177,-1.0,-1.0,-1.0,-1.0,"['Saumon vapeur/Parmentier de boeuf maison','Pates fermières IDF','Mimolette BIO/Emmental BIO','Kiwi/Ananas','Pain de mie/Beurre/Confiture']",0.0,0.0,0.0,0.0,0.0,0.0,185.0,76.0,6.0,185.0,0.0,0.0,0.0,0.0,lundi,46,Novembre,2022-2023,0.0,-1.0,0,0.0,0.0,-1.0,0.0,0.0,"['Saumon vapeur/Parmentier de boeuf maison','Pates fermières IDF','Mimolette BIO/Emmental BIO','Kiwi/Ananas','Pain de mie/Beurre/Confiture']",-1,-1,-1,-1,-1,-1,-1.0,-1.0,-1.0,-1.0,-1.0,-1.0,-1.0,-1.0,56.0,56.3575,0.3575000000000017,0.6343432551124547
14/11/2023,AIME CESAIRE,Elementaires,48.651733,2.378185,62.0,57.0,177,-1.0,-1.0,-1.0,-1.0,"['Salade Western/Pois chiches aux crudités','Pizza au fromage','Mélange de légumes vapeur','Brie BIO/Coulommiers BIO','Liegeois au chocolat/Crème vanille','Céréales/Lait/Pomme']",0.0,0.0,0.0,0.0,0.0,0.0,185.0,76.0,6.0,185.0,0.0,0.0,0.0,0.0,mardi,46,Novembre,2022-2023,0.0,-1.0,0,0.0,1.0,-1.0,0.0,0.0,"['Salade Western/Pois chiches aux crudités','Pizza au fromage','Mélange de légumes vapeur','Brie BIO/Coulommiers BIO','Liegeois au chocolat/Crème vanille','Céréales/Lait/Pomme']",-1,-1,-1,-1,-1,-1,-1.0,-1.0,-1.0,-1.0,-1.0,-1.0,-1.0,-1.0,57.0,57.055,0.054999999999999716,0.09639821225133594
16/11/2023,AIME CESAIRE,Elementaires,48.651733,2.378185,62.0,59.0,177,-1.0,-1.0,-1.0,-1.0,"['Salade composée bio/Carottes paées bio','Boeuf stroganoff/Fish and chips','Ecrasé de pommes de terre/Haricots verts-haricots beurre','Petit suisse/Yaourt nature entier BIO','Tarte grillée cerise/Tarte clafoutis abricot','Pain/Fromage/Banane']",0.0,0.0,0.0,0.0,0.0,0.0,185.0,76.0,6.0,185.0,0.0,0.0,0.0,0.0,jeudi,46,Novembre,2022-2023,0.0,-1.0,0,0.0,1.0,-1.0,0.0,0.0,"['Salade composée bio/Carottes paées bio','Boeuf stroganoff/Fish and chips','Ecrasé de pommes de terre/Haricots verts-haricots beurre','Petit suisse/Yaourt nature entier BIO','Tarte grillée cerise/Tarte clafoutis abricot','Pain/Fromage/Banane']",-1,-1,-1,-1,-1,-1,-1.0,-1.0,-1.0,-1.0,-1.0,-1.0,-1.0,-1.0,59.0,59.2525,0.2524999999999977,0.4261423568625758
17/11/2023,AIME CESAIRE,Elementaires,48.651733,2.378185,62.0,57.0,177,-1.0,-1.0,-1.0,-1.0,"['Sardine à la tomate/terrine de volaille','Sauté de porc/Saummonette sauce moutarde','Champignon et lentilles/Carottes braisées','Vache qui rit/Chanteneige','Clémentine/Pomme','Pain/Pâte à tartiner/lait']",0.0,0.0,0.0,0.0,0.0,0.0,185.0,76.0,6.0,185.0,0.0,0.0,0.0,0.0,vendredi,46,Novembre,2022-2023,0.0,-1.0,0,0.0,1.0,-1.0,0.0,0.0,"['Sardine à la tomate/terrine de volaille','Sauté de porc/Saummonette sauce moutarde','Champignon et lentilles/Carottes braisées','Vache qui rit/Chanteneige','Clémentine/Pomme','Pain/Pâte à tartiner/lait']",-1,-1,-1,-1,-1,-1,-1.0,-1.0,-1.0,-1.0,-1.0,-1.0,-1.0,-1.0,57.0,57.685,0.6850000000000023,1.1874837479414098
20/11/2023,AIME CESAIRE,Elementaires,48.651733,2.378185,59.0,54.0,177,-1.0,-1.0,-1.0,-1.0,"['Duo de chouxet carottes/Pomelos','Escalope devolaille aux oignons sauce crémeuse/Poisson pané et citron','Brocolis bio/Purée de légumes d'Automne','St paulin bio','Tomme bio','Semoule au lait','Riz au lait'Barre de céréales/Yaourt nature/Fruit']",0.0,0.0,0.0,0.0,0.0,0.0,158.0,80.0,6.0,158.0,0.0,0.0,0.0,0.0,lundi,47,Novembre,2022-2023,0.0,-1.0,0,0.0,1.0,-1.0,0.0,0.0,"['Duo de chouxet carottes/Pomelos','Escalope devolaille aux oignons sauce crémeuse/Poisson pané et citron','Brocolis bio/Purée de légumes d'Automne','St paulin bio','Tomme bio','Semoule au lait','Riz au lait'Barre de céréales/Yaourt nature/Fruit']",-1,-1,-1,-1,-1,-1,-1.0,-1.0,-1.0,-1.0,-1.0,-1.0,-1.0,-1.0,54.0,55.13,1.1300000000000026,2.0497007074188325
21/11/2023,AIME CESAIRE,Elementaires,48.651733,2.378185,59.0,57.0,177,-1.0,-1.0,-1.0,-1.0,"['Cœur de laitue/Céleri rémoulade','Mijoté d'automne aux haricots blancs/MENU','Semoule','Cantal AOP/Comté AOP','Compte pomme bio','Purée p/fruits rouges bio','Pain/Beurre/Confiture'",0.0,0.0,0.0,0.0,0.0,0.0,158.0,80.0,6.0,158.0,0.0,0.0,0.0,0.0,mardi,47,Novembre,2022-2023,0.0,-1.0,0,0.0,1.0,-1.0,0.0,0.0,"['Cœur de laitue/Céleri rémoulade','Mijoté d'automne aux haricots blancs/MENU','Semoule','Cantal AOP/Comté AOP','Compte pomme bio','Purée p/fruits rouges bio','Pain/Beurre/Confiture'",-1,-1,-1,-1,-1,-1,-1.0,-1.0,-1.0,-1.0,-1.0,-1.0,-1.0,-1.0,57.0,57.005,0.005000000000002558,0.008771160424528652
23/11/2023,AIME CESAIRE,Elementaires,48.651733,2.378185,59.0,58.0,177,-1.0,-1.0,-1.0,-1.0,"['Salade de pomme de terre','Rôti de veau au jus /Omelette au fromage','/ Petits pois à la française Purée de potiron (50% pdt)','Fromage Blanc','Clémentine','Pomme Fiji','Pain - Fromage(Mimolette)','Jus de fruit(orange)']",0.0,0.0,0.0,0.0,0.0,0.0,158.0,80.0,6.0,158.0,0.0,0.0,0.0,0.0,jeudi,47,Novembre,2022-2023,0.0,-1.0,0,0.0,1.0,-1.0,0.0,0.0,"['Salade de pomme de terre','Rôti de veau au jus /Omelette au fromage','/ Petits pois à la française Purée de potiron (50% pdt)','Fromage Blanc','Clémentine','Pomme Fiji','Pain - Fromage(Mimolette)','Jus de fruit(orange)']",-1,-1,-1,-1,-1,-1,-1.0,-1.0,-1.0,-1.0,-1.0,-1.0,-1.0,-1.0,58.0,57.685,-0.3149999999999977,-0.5460691687613725
24/11/2023,AIME CESAIRE,Elementaires,48.651733,2.378185,59.0,60.0,177,-1.0,-1.0,-1.0,-1.0,"['Endives mimolette/Salade Iceberg emmental','Filet de cabillaud sauce dieppoise','Riz 3 saveurs','Kiwi/Banane','Chaussons aux pommes/Lait']",0.0,0.0,0.0,0.0,0.0,0.0,158.0,80.0,6.0,158.0,0.0,0.0,0.0,0.0,vendredi,47,Novembre,2022-2023,0.0,-1.0,0,0.0,1.0,-1.0,0.0,0.0,"['Endives mimolette/Salade Iceberg emmental','Filet de cabillaud sauce dieppoise','Riz 3 saveurs','Kiwi/Banane','Chaussons aux pommes/Lait']",-1,-1,-1,-1,-1,-1,-1.0,-1.0,-1.0,-1.0,-1.0,-1.0,-1.0,-1.0,60.0,59.0225,-0.9774999999999991,-1.656148079122367
27/11/2023,AIME CESAIRE,Elementaires,48.651733,2.378185,60.0,53.0,177,-1.0,-1.0,-1.0,-1.0,"['Coleslaw/Salade au maïs','Sauté de bœuf aux oignons/Filet de lieu sauce citronnée','Julienne de légumes (25%pdt)/Beignets de légumes','Edam bio/Mimolette bio','renversée/caramel','Brioche tranchée/Lait/Fruit (Pomme Granny)','']",0.0,0.0,0.0,0.0,0.0,0.0,163.0,88.0,8.0,163.0,0.0,0.0,0.0,0.0,lundi,48,Novembre,2022-2023,0.0,-1.0,0,0.0,1.0,-1.0,0.0,0.0,"['Coleslaw/Salade au maïs','Sauté de bœuf aux oignons/Filet de lieu sauce citronnée','Julienne de légumes (25%pdt)/Beignets de légumes','Edam bio/Mimolette bio','renversée/caramel','Brioche tranchée/Lait/Fruit (Pomme Granny)','']",-1,-1,-1,-1,-1,-1,-1.0,-1.0,-1.0,-1.0,-1.0,-1.0,-1.0,-1.0,53.0,54.785,1.7849999999999966,3.2581911107054795
28/11/2023,AIME CESAIRE,Elementaires,48.651733,2.378185,60.0,57.0,177,-1.0,-1.0,-1.0,-1.0,"['Mâche aux croutons/Betteraves aux pommes','Curry de légumes aux fêves','/Quinoa gourmand','Camembert/Bûche de chèvre','Clémentine/Banane','Biscuit(palmier)/Lait(Fraise)/ Purée de fruit']",0.0,0.0,0.0,0.0,0.0,0.0,163.0,88.0,8.0,163.0,0.0,0.0,0.0,0.0,mardi,48,Novembre,2022-2023,0.0,-1.0,0,0.0,0.0,-1.0,0.0,0.0,"['Mâche aux croutons/Betteraves aux pommes','Curry de légumes aux fêves','/Quinoa gourmand','Camembert/Bûche de chèvre','Clémentine/Banane','Biscuit(palmier)/Lait(Fraise)/ Purée de fruit']",-1,-1,-1,-1,-1,-1,-1.0,-1.0,-1.0,-1.0,-1.0,-1.0,-1.0,-1.0,57.0,55.775,-1.2250000000000014,-2.1963245181532973
30/11/2023,AIME CESAIRE,Elementaires,48.651733,2.378185,60.0,58.0,177,-1.0,-1.0,-1.0,-1.0,"['Carottes râpées bio/Avocat','Filet de hoki meunière','Haricots verts bio','Kiri/Babybel (ou autre
fromage)','Poire Williams','Céréales (Miel balls)/Lait/Fruit(clémentine)','']",0.0,0.0,0.0,0.0,0.0,0.0,163.0,88.0,8.0,163.0,0.0,0.0,0.0,0.0,jeudi,48,Novembre,2022-2023,0.0,-1.0,0,0.0,1.0,-1.0,0.0,0.0,"['Carottes râpées bio/Avocat','Filet de hoki meunière','Haricots verts bio','Kiri/Babybel (ou autre
fromage)','Poire Williams','Céréales (Miel balls)/Lait/Fruit(clémentine)','']",-1,-1,-1,-1,-1,-1,-1.0,-1.0,-1.0,-1.0,-1.0,-1.0,-1.0,-1.0,58.0,57.6875,-0.3125,-0.5417118093174431
01/12/2023,AIME CESAIRE,Elementaires,48.651733,2.378185,60.0,60.0,177,-1.0,-1.0,-1.0,-1.0,"['Brocolis vinaigrette/Poireaux vinaigrette','Poulet tikka massala /Emincé végétal','Jardinière de légumesfaçon tikka Massala','Coudes rayées bio','Yaourt nature/Donut sucré','Cookie aux pépites de chocolat','Pain/Fromage(vache qui rit)/Jus de fruit(multifruits)','']",0.0,0.0,0.0,0.0,0.0,0.0,163.0,88.0,8.0,163.0,0.0,0.0,0.0,0.0,vendredi,48,Décembre,2022-2023,0.0,-1.0,0,0.0,1.0,-1.0,0.0,0.0,"['Brocolis vinaigrette/Poireaux vinaigrette','Poulet tikka massala /Emincé végétal','Jardinière de légumesfaçon tikka Massala','Coudes rayées bio','Yaourt nature/Donut sucré','Cookie aux pépites de chocolat','Pain/Fromage(vache qui rit)/Jus de fruit(multifruits)','']",-1,-1,-1,-1,-1,-1,-1.0,-1.0,-1.0,-1.0,-1.0,-1.0,-1.0,-1.0,60.0,59.0675,-0.9324999999999974,-1.5787023320777034
04/12/2023,AIME CESAIRE,Elementaires,48.651733,2.378185,60.0,55.0,177,-1.0,-1.0,-1.0,-1.0,"['Emincé de choux roue au miel/Salade de lentilles','Parmentier de poisson au potimaron','Fromage blanc BIO/Yaourt nature BIO','Purée pomme-Banane','Purée pommes-Abricot','Pain/Fromage/Compote']",0.0,0.0,0.0,0.0,0.0,0.0,226.0,97.0,8.0,226.0,0.0,0.0,0.0,0.0,lundi,49,Décembre,2022-2023,0.0,-1.0,0,0.0,1.0,-1.0,0.0,0.0,"['Emincé de choux roue au miel/Salade de lentilles','Parmentier de poisson au potimaron','Fromage blanc BIO/Yaourt nature BIO','Purée pomme-Banane','Purée pommes-Abricot','Pain/Fromage/Compote']",-1,-1,-1,-1,-1,-1,-1.0,-1.0,-1.0,-1.0,-1.0,-1.0,-1.0,-1.0,55.0,56.14,1.1400000000000006,2.030637691485573
05/12/2023,AIME CESAIRE,Elementaires,48.651733,2.378185,60.0,58.0,177,-1.0,-1.0,-1.0,-1.0,"['Salade de haricots verts aux échalotes balsamiques/Salade composée BIO','Blanquette de veau/Colin sauce Duxel','Pommes de terres persillées','Coulommiers/Brie','Cubes pêches/Cubes ananas','Cookie BIO/Lait/Fruit']",0.0,0.0,0.0,0.0,0.0,0.0,226.0,97.0,8.0,226.0,0.0,0.0,0.0,0.0,mardi,49,Décembre,2022-2023,0.0,-1.0,0,0.0,0.0,-1.0,0.0,0.0,"['Salade de haricots verts aux échalotes balsamiques/Salade composée BIO','Blanquette de veau/Colin sauce Duxel','Pommes de terres persillées','Coulommiers/Brie','Cubes pêches/Cubes ananas','Cookie BIO/Lait/Fruit']",-1,-1,-1,-1,-1,-1,-1.0,-1.0,-1.0,-1.0,-1.0,-1.0,-1.0,-1.0,58.0,57.935,-0.06499999999999773,-0.1121947009579662
07/12/2023,AIME CESAIRE,Elementaires,48.651733,2.378185,60.0,58.0,177,-1.0,-1.0,-1.0,-1.0,"['Salade composée au thon/Oeuf dur mayonnaise','Chili végétarien','Riz','Canta AOP/Compté AOP','Orange sanguine/Pomme Braeburn','Pain/Barre de chocolat/Jus de fruits']",0.0,0.0,0.0,0.0,0.0,0.0,226.0,97.0,8.0,226.0,0.0,0.0,0.0,1.0,jeudi,49,Décembre,2022-2023,0.0,-1.0,0,0.0,1.0,-1.0,0.0,0.0,"['Salade composée au thon/Oeuf dur mayonnaise','Chili végétarien','Riz','Canta AOP/Compté AOP','Orange sanguine/Pomme Braeburn','Pain/Barre de chocolat/Jus de fruits']",-1,-1,-1,-1,-1,-1,-1.0,-1.0,-1.0,-1.0,-1.0,-1.0,-1.0,-1.0,58.0,58.27,0.2700000000000031,0.46336021966707247
08/12/2023,AIME CESAIRE,Elementaires,48.651733,2.378185,60.0,72.0,177,-1.0,-1.0,-1.0,-1.0,"['Iceberg ciselé dès d'emmental/Endives au bleu et aux noix','Boulettes d'agneau au paprika/Boulettes végétales','Purée de pommes de terre et pointe de crème','Eclair au chocolat/Eclair au café','Biscuit/Fromae blanc/Fruit']",0.0,0.0,0.0,0.0,0.0,0.0,226.0,97.0,8.0,226.0,0.0,0.0,0.0,1.0,vendredi,49,Décembre,2022-2023,0.0,-1.0,0,0.0,1.0,-1.0,0.0,0.0,"['Iceberg ciselé dès d'emmental/Endives au bleu et aux noix','Boulettes d'agneau au paprika/Boulettes végétales','Purée de pommes de terre et pointe de crème','Eclair au chocolat/Eclair au café','Biscuit/Fromae blanc/Fruit']",-1,-1,-1,-1,-1,-1,-1.0,-1.0,-1.0,-1.0,-1.0,-1.0,-1.0,-1.0,72.0,67.6325,-4.367500000000007,-6.457694155916176
11/12/2023,AIME CESAIRE,Elementaires,48.651733,2.378185,72.0,57.0,177,-1.0,-1.0,-1.0,-1.0,"['Avocat et feuille de chêne/Segment de pomelos','Sauté de dinde à la Dijonnaise','Lentilles à la dijonnaise','Tome BIO/Emmental BIO','Compote pomme-framboise/Compotes pommes poires','Yaourt nature/Biscuit/Fruit']",0.0,0.0,0.0,0.0,0.0,0.0,372.0,126.0,13.0,372.0,0.0,0.0,0.0,1.0,lundi,50,Décembre,2022-2023,0.0,-1.0,0,0.0,0.0,-1.0,0.0,0.0,"['Avocat et feuille de chêne/Segment de pomelos','Sauté de dinde à la Dijonnaise','Lentilles à la dijonnaise','Tome BIO/Emmental BIO','Compote pomme-framboise/Compotes pommes poires','Yaourt nature/Biscuit/Fruit']",-1,-1,-1,-1,-1,-1,-1.0,-1.0,-1.0,-1.0,-1.0,-1.0,-1.0,-1.0,57.0,58.1675,1.1674999999999969,2.007134568272656
12/12/2023,AIME CESAIRE,Elementaires,48.651733,2.378185,72.0,59.0,177,-1.0,-1.0,-1.0,-1.0,"['Salade de crozets/Salade piemontaise','Omelette BIO','Epinards sauce béchamel','Petit suisse/Fromage Blanc','Poire conférence/Kiwi','Pain/Fromage/Jus de fruit']",0.0,0.0,0.0,0.0,0.0,0.0,372.0,126.0,13.0,372.0,0.0,0.0,0.0,1.0,mardi,50,Décembre,2022-2023,0.0,-1.0,0,0.0,1.0,-1.0,0.0,0.0,"['Salade de crozets/Salade piemontaise','Omelette BIO','Epinards sauce béchamel','Petit suisse/Fromage Blanc','Poire conférence/Kiwi','Pain/Fromage/Jus de fruit']",-1,-1,-1,-1,-1,-1,-1.0,-1.0,-1.0,-1.0,-1.0,-1.0,-1.0,-1.0,59.0,59.7975,0.7974999999999994,1.3336677954763987
14/12/2023,AIME CESAIRE,Elementaires,48.651733,2.378185,72.0,67.0,177,-1.0,-1.0,-1.0,-1.0,"['Betterave en vinaigrette/Brocolis en vinaigrette','Saucisse de volaille/Roulés végétaux','Pates à la sauce tomate','Vache picon/Tartare aux noix','Liegeois vanille/Liegeois caramel/Liegeois chocolat','Biscuit/Lait/Fruit']",0.0,0.0,0.0,0.0,0.0,0.0,372.0,126.0,13.0,372.0,0.0,0.0,0.0,1.0,jeudi,50,Décembre,2022-2023,0.0,-1.0,0,0.0,0.0,-1.0,0.0,0.0,"['Betterave en vinaigrette/Brocolis en vinaigrette','Saucisse de volaille/Roulés végétaux','Pates à la sauce tomate','Vache picon/Tartare aux noix','Liegeois vanille/Liegeois caramel/Liegeois chocolat','Biscuit/Lait/Fruit']",-1,-1,-1,-1,-1,-1,-1.0,-1.0,-1.0,-1.0,-1.0,-1.0,-1.0,-1.0,67.0,65.2375,-1.7625000000000028,-2.7016669860126505
15/12/2023,AIME CESAIRE,Elementaires,48.651733,2.378185,72.0,68.0,177,-1.0,-1.0,-1.0,-1.0,"['Paté de volaille/Tartinade de poisson','Steak haché sauce fromagère/Steak végétal sauce fromagère','Pommes de terre haricots verts','Babybel/Vache qui rit','Yaourt aromatisé/Yaourt mousse de fruits','Pain au lait/Barre de chocolat/Lait']",0.0,0.0,0.0,0.0,0.0,0.0,372.0,126.0,13.0,372.0,0.0,0.0,0.0,1.0,vendredi,50,Décembre,2022-2023,0.0,-1.0,0,0.0,1.0,-1.0,0.0,0.0,"['Paté de volaille/Tartinade de poisson','Steak haché sauce fromagère/Steak végétal sauce fromagère','Pommes de terre haricots verts','Babybel/Vache qui rit','Yaourt aromatisé/Yaourt mousse de fruits','Pain au lait/Barre de chocolat/Lait']",-1,-1,-1,-1,-1,-1,-1.0,-1.0,-1.0,-1.0,-1.0,-1.0,-1.0,-1.0,68.0,64.445,-3.555000000000007,-5.516331755760738
18/12/2023,AIME CESAIRE,Elementaires,48.651733,2.378185,68.0,62.0,177,-1.0,-1.0,-1.0,-1.0,"['Carottes à l'orange/Endives au miel','Poulet rôti à l'orientale/Filet de lieu sauce orientale','Semoule','Carré de l'Est/Rouy','Crème vanille BIO/Flan au caramel BIO','Barre de céréales/Lait/Fruit']",0.0,0.0,0.0,0.0,0.0,0.0,455.0,125.0,18.0,455.0,0.0,0.0,0.0,0.0,lundi,51,Décembre,2022-2023,0.0,-1.0,0,0.0,0.0,-1.0,0.0,0.0,"['Carottes à l'orange/Endives au miel','Poulet rôti à l'orientale/Filet de lieu sauce orientale','Semoule','Carré de l'Est/Rouy','Crème vanille BIO/Flan au caramel BIO','Barre de céréales/Lait/Fruit']",-1,-1,-1,-1,-1,-1,-1.0,-1.0,-1.0,-1.0,-1.0,-1.0,-1.0,-1.0,62.0,62.5775,0.5775000000000006,0.9228556589828623
19/12/2023,AIME CESAIRE,Elementaires,48.651733,2.378185,68.0,59.0,177,-1.0,-1.0,-1.0,-1.0,"['Potage crécy','Gratins de macaronis aux légumes sauce fromagère','Pomme red/Chief orange','Pain/Fromage/Compote pomme-Mangue']",0.0,0.0,0.0,0.0,0.0,0.0,455.0,125.0,18.0,455.0,0.0,0.0,0.0,0.0,mardi,51,Décembre,2022-2023,0.0,-1.0,0,0.0,1.0,-1.0,0.0,0.0,"['Potage crécy','Gratins de macaronis aux légumes sauce fromagère','Pomme red/Chief orange','Pain/Fromage/Compote pomme-Mangue']",-1,-1,-1,-1,-1,-1,-1.0,-1.0,-1.0,-1.0,-1.0,-1.0,-1.0,-1.0,59.0,59.6425,0.6424999999999983,1.0772519595925696
21/12/2023,AIME CESAIRE,Elementaires,48.651733,2.378185,68.0,90.0,177,-1.0,-1.0,-1.0,-1.0,"[menu de noël,'Pain/Miel/Lait']",0.0,0.0,0.0,0.0,0.0,0.0,455.0,125.0,18.0,455.0,0.0,0.0,0.0,0.0,jeudi,51,Décembre,2022-2023,1.0,-1.0,0,0.0,1.0,-1.0,0.0,0.0,"[menu de noël,'Pain/Miel/Lait']",-1,-1,-1,-1,-1,-1,-1.0,-1.0,-1.0,-1.0,-1.0,-1.0,-1.0,-1.0,90.0,77.75,-12.25,-15.755627009646304
22/12/2023,AIME CESAIRE,Elementaires,48.651733,2.378185,68.0,61.0,177,-1.0,-1.0,-1.0,-1.0,"['Cordons bleu/Poisson pané','Pommes de terre rissolées','Tome BIO/ComtéAOP','Orange/Kiwi','Biscuit/Lait/Compote']",0.0,0.0,0.0,0.0,0.0,1.0,455.0,125.0,18.0,455.0,0.0,0.0,0.0,0.0,vendredi,51,Décembre,2022-2023,0.0,-1.0,0,0.0,1.0,-1.0,0.0,0.0,"['Cordons bleu/Poisson pané','Pommes de terre rissolées','Tome BIO/ComtéAOP','Orange/Kiwi','Biscuit/Lait/Compote']",-1,-1,-1,-1,-1,-1,-1.0,-1.0,-1.0,-1.0,-1.0,-1.0,-1.0,-1.0,61.0,59.1525,-1.8474999999999966,-3.1232830396010254
08/01/2024,AIME CESAIRE,Elementaires,48.651733,2.378185,62.0,57.0,177,-1.0,-1.0,-1.0,-1.0,"['filet de hoki','pomme de terre perdillées','mimollette','pomme golden/pain demie/beure/barre de chocolat']",0.0,0.0,0.0,0.0,1.0,0.0,194.0,123.0,11.0,335.0,0.0,0.0,0.0,0.0,lundi,2,Janvier,2023-2024,0.0,-1.0,0,0.0,0.0,1.0,0.0,0.0,-1,['filet de hoki'],['pomme de terre perdillées'],['mimollette'],['pomme golden/pain demie/beure/barre de chocolat'],-1,-1,-1.0,-1.0,-1.0,-1.0,-1.0,-1.0,-1.0,-1.0,57.0,57.275,0.2749999999999986,0.4801396769969421
09/01/2024,AIME CESAIRE,Elementaires,48.651733,2.378185,62.0,67.0,177,-1.0,-1.0,-1.0,-1.0,"['feuille de chène blonde','Crozillette','aux petits pois','Roblochon','Purée de pomme bio','Yahourt nature','Biscuit','fruit']",0.0,0.0,0.0,0.0,0.0,0.0,194.0,123.0,11.0,335.0,0.0,0.0,0.0,0.0,mardi,2,Janvier,2023-2024,0.0,-1.0,0,0.0,1.0,0.0,0.0,0.0,['feuille de chène blonde'],['Crozillette'],['aux petits pois'],['Roblochon'],['Purée de pomme bio/Yahourt nature/Biscuit/fruit'],-1,-1,-1.0,-1.0,-1.0,-1.0,-1.0,-1.0,-1.0,-1.0,67.0,58.23,-8.770000000000003,-15.060965138244898
11/01/2024,AIME CESAIRE,Elementaires,48.651733,2.378185,62.0,66.0,177,-1.0,-1.0,-1.0,-1.0,"['salade de letilles','dos de cabillaud sauce dieppoise','riz trois grains','edam bio','petit suisse aromatisé/Gâteau/jus de fruit']",0.0,0.0,0.0,0.0,0.0,0.0,194.0,123.0,11.0,335.0,0.0,0.0,0.0,0.0,jeudi,2,Janvier,2023-2024,0.0,-1.0,0,0.0,0.0,1.0,0.0,0.0,['salade de letilles'],['dos de cabillaud sauce dieppoise'],['riz trois grains'],['edam bio'],['petit suisse aromatisé/Gâteau/jus de fruit'],-1,-1,-1.0,-1.0,-1.0,-1.0,-1.0,-1.0,-1.0,-1.0,66.0,58.3075,-7.692500000000003,-13.192985464991644
12/01/2024,AIME CESAIRE,Elementaires,48.651733,2.378185,62.0,69.0,177,-1.0,-1.0,-1.0,-1.0,"['salade verte',' bœuf bourguignons ','Carottes rondellettes','yahourt aromatisé','gallette des rois','pop corn sucré','purée de fruit','lait aromatisé]",0.0,0.0,0.0,0.0,0.0,0.0,194.0,123.0,11.0,335.0,0.0,0.0,0.0,0.0,vendredi,2,Janvier,2023-2024,0.0,-1.0,0,0.0,1.0,0.0,0.0,0.0,['salade verte'],['bœuf bourguignons'],['Carottes rondellettes'],['yahourt aromatisé'],"['gallette des rois','pop corn sucré','purée de fruit','lait aromatisé']",-1,-1,-1.0,-1.0,-1.0,-1.0,-1.0,-1.0,-1.0,-1.0,69.0,57.5125,-11.487499999999997,-19.973918713323187
15/01/2024,AIME CESAIRE,Elementaires,48.651733,2.378185,69.0,59.0,177,-1.0,-1.0,-1.0,-1.0,"['salade de haricots rouges',' sauté de veau marengo','haricots verts et champignons','fromage blanc','poire/pain/fromage/compote]",0.0,0.0,0.0,0.0,0.0,0.0,245.0,126.0,10.0,390.0,0.0,0.0,0.0,0.0,lundi,3,Janvier,2023-2024,0.0,-1.0,0,0.0,1.0,0.0,0.0,0.0,['salade de haricots rouges'],['sauté de veau marengo'],['haricots verts et champignons'],[' fromage blanc'],['poire/pain/fromage/compote'],-1,-1,-1.0,-1.0,-1.0,-1.0,-1.0,-1.0,-1.0,-1.0,59.0,59.0475,0.04749999999999943,0.08044371057199616
16/01/2024,AIME CESAIRE,Elementaires,48.651733,2.378185,69.0,60.0,177,-1.0,-1.0,-1.0,-1.0,"['Iceberg vtte échalotte','trio de quinoa boulgour et blé','Pavé demi sel','Purée Pomme banane Bio/Pain Pâte à tartiner/lait]",0.0,0.0,0.0,0.0,0.0,0.0,245.0,126.0,10.0,390.0,0.0,0.0,0.0,0.0,mardi,3,Janvier,2023-2024,0.0,-1.0,0,0.0,0.0,0.0,0.0,0.0,['Iceberg vtte échalotte'],['trio de quinoa boulgour'],['blé'],['Pavé demi sel'],['Purée Pomme banane Bio/Pain Pâte à tartiner/lait'],-1,-1,-1.0,-1.0,-1.0,-1.0,-1.0,-1.0,-1.0,-1.0,60.0,59.5425,-0.4575000000000031,-0.7683587353571031
18/01/2024,AIME CESAIRE,Elementaires,48.651733,2.378185,69.0,67.0,177,-1.0,-1.0,-1.0,-1.0,"['Duo de choux','Saumonnette sauce crème Duxelle','Epinards à la béchamel','Camenbert bio','crème chocolat/Biscuit/lait/fruit']",0.0,0.0,0.0,0.0,0.0,0.0,245.0,126.0,10.0,390.0,0.0,0.0,0.0,0.0,jeudi,3,Janvier,2023-2024,0.0,-1.0,0,0.0,0.0,1.0,0.0,0.0,['Duo de choux'],['Saumonnette sauce crème Duxelle'],['Epinards à la béchamel'],['Camenbert bio'],['crème chocolat/Biscuit/lait/fruit'],-1,-1,-1.0,-1.0,-1.0,-1.0,-1.0,-1.0,-1.0,-1.0,67.0,61.8225,-5.177500000000002,-8.37478264385944
19/01/2024,AIME CESAIRE,Elementaires,48.651733,2.378185,69.0,59.0,177,-1.0,-1.0,-1.0,-1.0,"['poulet roti sauce forestière','Penne','Mimmollette','Clémentine','yahourt','pain d'épices/jus de fruits']",0.0,0.0,0.0,0.0,0.0,0.0,245.0,126.0,10.0,390.0,0.0,0.0,0.0,0.0,vendredi,3,Janvier,2023-2024,0.0,-1.0,0,0.0,1.0,0.0,0.0,0.0,-1,['poulet roti sauceforestière'],['Penne'],['Mimmollette'],['Clémentine'],['yahourt/pain d'épices/jus de fruits'],-1,-1.0,-1.0,-1.0,-1.0,-1.0,-1.0,-1.0,-1.0,59.0,59.995,0.9949999999999974,1.6584715392949372
22/01/2024,AIME CESAIRE,Elementaires,48.651733,2.378185,67.0,58.0,177,-1.0,-1.0,-1.0,-1.0,"['feta Batavia','Cube de colin sauce nicoise/semoule','Edam','Arlequin de fruits/Céréales/Lait/Fruit']",0.0,0.0,0.0,0.0,0.0,0.0,320.0,106.0,14.0,469.0,0.0,0.0,0.0,0.0,lundi,4,Janvier,2023-2024,0.0,-1.0,0,0.0,0.0,1.0,0.0,0.0,['feta Batavia'],['Cube de colin sauce nicoise'],['semoule'],['Edam'],['Arlequin de fruits/Céréales/Lait/Fruit'],-1,-1,-1.0,-1.0,-1.0,-1.0,-1.0,-1.0,-1.0,-1.0,58.0,59.63,1.6300000000000026,2.733523394264636
23/01/2024,AIME CESAIRE,Elementaires,48.651733,2.378185,67.0,58.0,177,-1.0,-1.0,-1.0,-1.0,"['Macédoine Parisienne','Omelette bio/Purée de Potiron carrotte','petit suisse','Clémentine','Pain suiss/compte']",0.0,0.0,0.0,0.0,0.0,0.0,320.0,106.0,14.0,469.0,0.0,0.0,0.0,0.0,mardi,4,Janvier,2023-2024,0.0,-1.0,0,0.0,0.0,0.0,0.0,0.0,['Macédoine Parisienne'],['Omelette bio'],[Purée de Potiron carrotte'],['petit suisse'],['Clémentine/Pain suisse/compte'],-1,-1,-1.0,-1.0,-1.0,-1.0,-1.0,-1.0,-1.0,-1.0,58.0,59.0975,1.0974999999999966,1.8571005541689525
25/01/2024,AIME CESAIRE,Elementaires,48.651733,2.378185,67.0,58.0,177,-1.0,-1.0,-1.0,-1.0,"['Endives','Sauté de porc','haricots rouges/riz chili végétarien/Riz','Emenatal Bio','Semoule au lait/Petit  suisse/Biscuit/fruit/Pomme']",0.0,0.0,0.0,0.0,0.0,0.0,320.0,106.0,14.0,469.0,0.0,0.0,0.0,0.0,jeudi,4,Janvier,2023-2024,0.0,-1.0,0,1.0,1.0,0.0,0.0,0.0,"['Endives'];['Sauté de porc];[ haricots rouges','chili végétarien'];['riz];['Emenatal Bio'];['Semoule au lait','Petit suisse - Biscuit -fruit(Pomme']",-1,-1,-1,-1,-1,-1,-1.0,-1.0,-1.0,-1.0,-1.0,-1.0,-1.0,-1.0,58.0,58.8425,0.8425000000000011,1.4317882482899285
26/01/2024,AIME CESAIRE,Elementaires,48.651733,2.378185,67.0,58.0,177,-1.0,-1.0,-1.0,-1.0,"['Estoufilade de bœuf aux olives','Brocolis',' St Nectaire AOP','Poire Comic/Brioche/Lait/Fruit']",0.0,0.0,0.0,0.0,0.0,0.0,320.0,106.0,14.0,469.0,0.0,0.0,0.0,0.0,vendredi,4,Janvier,2023-2024,0.0,-1.0,0,0.0,1.0,0.0,0.0,0.0,-1,['Estoufilade de bœuf],"['olives','Brocolis']",[' St Nectaire AOP'],"['Poire Comic',' Brioche ',' Lait','Fruit']",-1,-1,-1.0,-1.0,-1.0,-1.0,-1.0,-1.0,-1.0,-1.0,58.0,61.1,3.1000000000000014,5.073649754500821
29/01/2024,AIME CESAIRE,Elementaires,48.651733,2.378185,58.0,57.0,177,-1.0,-1.0,-1.0,-1.0,"['Feta et Iceberg ciselé','Filet de Hoki meunière/Purée de légumes','Camenbert','Flan chocolat bio','Barre de céréales/yahourt/Fruit'] ",0.0,0.0,0.0,0.0,0.0,0.0,324.0,100.0,13.0,452.0,0.0,0.0,0.0,0.0,lundi,5,Janvier,2023-2024,0.0,-1.0,0,0.0,0.0,1.0,0.0,0.0,['Feta et Iceberg ciselé'],['Filet de Hoki meunière'],[Purée de légumes'],[' Camenbert'],['Flan chocolat bio'],"['Barre de céréales',''yahourt','Fruit']",-1,-1.0,-1.0,-1.0,-1.0,-1.0,-1.0,-1.0,-1.0,57.0,60.8525,3.852499999999999,6.330882050860687
30/01/2024,AIME CESAIRE,Elementaires,48.651733,2.378185,58.0,60.0,177,-1.0,-1.0,-1.0,-1.0,"['Chou blanc au séséme','Légumes cuisinés à  la chioise','Riz Parfumé','Fromage blanc','Arlequin de fruits/Pain/Beurre/Jus']",0.0,0.0,0.0,0.0,0.0,0.0,324.0,100.0,13.0,452.0,0.0,0.0,0.0,0.0,mardi,5,Janvier,2023-2024,0.0,-1.0,0,0.0,0.0,0.0,0.0,0.0,['Chou blanc au séséme'],['Légumes cuisinés à la chioise'],['Riz Parfumé'],['Fromage blanc'],"['Arlequin de fruits','Pain','Beurre','Jus']",-1,-1,-1.0,-1.0,-1.0,-1.0,-1.0,-1.0,-1.0,-1.0,60.0,56.3825,-3.6174999999999997,-6.415997871680042
02/02/2024,AIME CESAIRE,Elementaires,48.651733,2.378185,58.0,64.0,177,-1.0,-1.0,-1.0,-1.0,"['escalope de volaile à l'éstragon','Pomme rissolées','cantal','kiwi/pain au chocolat/lait bio']",0.0,0.0,0.0,0.0,0.0,0.0,324.0,100.0,13.0,452.0,0.0,0.0,1.0,0.0,vendredi,5,Février,2023-2024,0.0,-1.0,0,0.0,1.0,0.0,0.0,0.0,-1,['escalope de volaile à l'éstragon],['Pomme rissolées'],['cantal'],['kiwi'],"['pain au chocolat','lait bio]",-1,-1.0,-1.0,-1.0,-1.0,-1.0,-1.0,-1.0,-1.0,64.0,58.7925,-5.207500000000003,-8.857422290258118
05/02/2024,AIME CESAIRE,Elementaires,48.651733,2.378185,64.0,46.0,177,-1.0,-1.0,-1.0,-1.0,"['Avocat iceberg ciselée/Salade Waldorf','Filet hoki meunière citron','purée de légumes','Camembert/Brie','crème chocolat/crème vanille/pain d'épice/yahourt/fruit']",0.0,0.0,0.0,0.0,0.0,0.0,285.0,92.0,18.0,396.0,0.0,0.0,0.0,0.0,lundi,6,Février,2023-2024,0.0,-1.0,0,0.0,0.0,1.0,0.0,0.0,-1,-1,-1,-1,-1,-1,-1,-1.0,-1.0,-1.0,-1.0,-1.0,-1.0,-1.0,-1.0,46.0,54.625,8.625,15.789473684210526
06/02/2024,AIME CESAIRE,Elementaires,48.651733,2.378185,64.0,51.0,177,-1.0,-1.0,-1.0,-1.0,"['Filet de poulet sauce estragon - pommes rissolées','Cantal','St Paulin/Orange/Poire/pain au chocolat/lait']",0.0,0.0,0.0,0.0,0.0,0.0,285.0,92.0,18.0,396.0,0.0,0.0,0.0,0.0,mardi,6,Février,2023-2024,0.0,-1.0,0,0.0,1.0,0.0,0.0,0.0,-1,-1,-1,-1,-1,-1,-1,-1.0,-1.0,-1.0,-1.0,-1.0,-1.0,-1.0,-1.0,51.0,62.1525,11.152500000000003,17.943767346446247
08/02/2024,AIME CESAIRE,Elementaires,48.651733,2.378185,64.0,51.0,177,-1.0,-1.0,-1.0,-1.0,"['Laitue/Coleslaw','Blanquette de veau/dos de lieu à la crème','Blé','Samos/Pavé demi-sel','Crèpe sucrée/biscuit/yaourt/fruit']",0.0,0.0,0.0,0.0,0.0,0.0,285.0,92.0,18.0,396.0,0.0,0.0,0.0,0.0,jeudi,6,Février,2023-2024,0.0,-1.0,0,0.0,1.0,0.0,0.0,0.0,-1,-1,-1,-1,-1,-1,-1,-1.0,-1.0,-1.0,-1.0,-1.0,-1.0,-1.0,-1.0,51.0,57.3525,6.352499999999999,11.076239047992676
09/02/2024,AIME CESAIRE,Elementaires,48.651733,2.378185,64.0,51.0,177,-1.0,-1.0,-1.0,-1.0,"['Chou blanc au sésame','Boulettes végétales sauce soja','Riz et légumes à la chinoise','Fromage blanc/Petit suisse','Banane/Kiwi/pain/beurre/fruit']",0.0,0.0,0.0,0.0,0.0,1.0,285.0,92.0,18.0,396.0,0.0,0.0,0.0,0.0,vendredi,6,Février,2023-2024,0.0,-1.0,0,0.0,0.0,0.0,0.0,0.0,-1,-1,-1,-1,-1,-1,-1,-1.0,-1.0,-1.0,-1.0,-1.0,-1.0,-1.0,-1.0,51.0,54.6875,3.6875,6.742857142857144
26/02/2024,AIME CESAIRE,Elementaires,48.651733,2.378185,51.0,59.0,177,-1.0,-1.0,-1.0,-1.0,"['Steak haché sauce tomate - Coquillettes','yaourt nature','Fromage blanc','Pomme Gal-Orange-pain-pâte à tartiner-lait']",0.0,0.0,0.0,0.0,1.0,0.0,108.0,67.0,21.0,178.0,0.0,0.0,1.0,0.0,lundi,9,Fevrier,2023-2024,0.0,-1.0,0,0.0,1.0,0.0,0.0,0.0,-1,-1,-1,-1,-1,-1,-1,-1.0,-1.0,-1.0,-1.0,-1.0,-1.0,-1.0,-1.0,59.0,56.2375,-2.762500000000003,-4.91220271171372
27/02/2024,AIME CESAIRE,Elementaires,48.651733,2.378185,51.0,58.0,177,-1.0,-1.0,-1.0,-1.0,"['Salade Marine','Carottes râpées','Curry de choux fleurs - Poêlée de Céréales aux petits légumes','St Nectaire-Camembert','Purée de pêche-Purée d'Abricot/céréales/fruit']",0.0,0.0,0.0,0.0,0.0,0.0,108.0,67.0,21.0,178.0,0.0,0.0,1.0,0.0,mardi,9,Fevrier,2023-2024,0.0,-1.0,0,0.0,0.0,0.0,0.0,0.0,-1,-1,-1,-1,-1,-1,-1,-1.0,-1.0,-1.0,-1.0,-1.0,-1.0,-1.0,-1.0,58.0,54.9125,-3.0874999999999986,-5.622581379467332
29/02/2024,AIME CESAIRE,Elementaires,48.651733,2.378185,51.0,60.0,177,-1.0,-1.0,-1.0,-1.0,"['Hachar de légumes','Rougail saucisses - Riz','Rougail végétarien - Riz','Mimolette','Edam','Flan coco/pain/fromage/fruit']",0.0,0.0,0.0,0.0,0.0,0.0,108.0,67.0,21.0,178.0,0.0,0.0,1.0,0.0,jeudi,9,Fevrier,2023-2024,0.0,-1.0,0,1.0,1.0,0.0,0.0,0.0,-1,-1,-1,-1,-1,-1,-1,-1.0,-1.0,-1.0,-1.0,-1.0,-1.0,-1.0,-1.0,60.0,54.7,-5.299999999999997,-9.689213893967088
01/03/2024,AIME CESAIRE,Elementaires,48.651733,2.378185,51.0,67.0,177,-1.0,-1.0,-1.0,-1.0,"['Filet de Hoki Sauce au beurre blanc',' Purée de légumes','Fromage blanc','Yaourt brassé nature','Orange/Poire/Comice/Gauffre/Compote','Yaourt  à boire']",0.0,0.0,0.0,0.0,0.0,0.0,108.0,67.0,21.0,178.0,0.0,0.0,1.0,0.0,vendredi,9,Mars,2023-2024,0.0,-1.0,0,0.0,0.0,1.0,0.0,0.0,-1,-1,-1,-1,-1,-1,-1,-1.0,-1.0,-1.0,-1.0,-1.0,-1.0,-1.0,-1.0,67.0,17.3075,-49.692499999999995,-287.115412393471
